Unique_id,Links,Name,Ratings,Price_for_one,Cuisine
0,https://www.zomato.com/bangalore/dominos-pizza-shanti-nagar/order,Domino's Pizza,3.9,200,"Pizza, Italian, Pasta, Fast Food, Desserts"
1,https://www.zomato.com/bangalore/pizza-hut-shanti-nagar/order,Pizza Hut,3.8,200,"Pizza, Fast Food, Desserts, Beverages"
2,https://www.zomato.com/bangalore/mcdonalds-mg-road/order,McDonald's,4,200,"Burger, Fast Food"
3,https://www.zomato.com/bangalore/kfc-brigade-road-bangalore/order,KFC,3.7,200,"Burger, Fast Food, Biryani, Desserts, Beverages"
4,https://www.zomato.com/bangalore/burger-king-commercial-street/order,Burger King,3.9,200,"Burger, Fast Food, Desserts, Beverages"
5,https://www.zomato.com/bangalore/meghana-foods-residency-road/order,Meghana Foods,4.4,200,"Biryani, Andhra, North Indian, Seafood"
6,https://www.zomato.com/bangalore/kanti-sweets-brigade-road/order,Kanti Sweets,4.4,200,"Mithai, Street Food"
7,https://www.zomato.com/bangalore/five-star-chicken-shivajinagar-bangalore/order,Five Star Chicken,3.5,200,"Fast Food, Rolls, Burger"
8,https://www.zomato.com/bangalore/onesta-malleshwaram-bangalore/order,Onesta,3.7,200,"Pizza, Pasta, Sandwich, Fast Food, Desserts, Beverages"
9,https://www.zomato.com/bangalore/a2b-adyar-ananda-bhavan-1-shanti-nagar-bangalore/order,A2B - Adyar Ananda Bhavan,4.2,200,"South Indian, Street Food, North Indian, Chinese, Fast Food, Beverages, Desserts"
10,https://www.zomato.com/bangalore/al-bek-malleshwaram/order,Al-Bek,4.1,200,"Mughlai, Arabian, North Indian, Chinese, Seafood"
11,https://www.zomato.com/bangalore/hari-super-sandwich-brigade-road-bangalore/order,Hari Super Sandwich,3.8,200,"Fast Food, Sandwich, Street Food"
12,https://www.zomato.com/bangalore/polar-bear-1-basavanagudi/order,Polar Bear,4.4,100,"Ice Cream, Beverages, Shake"
13,https://www.zomato.com/bangalore/nandhana-palace-indiranagar/order,Nandhana Palace,4,100,"Biryani, Andhra, North Indian, Chinese, Mughlai, South Indian, Desserts, Beverages"
14,https://www.zomato.com/bangalore/la-pinoz-pizza-basavanagudi-bangalore/order,La Pino'z Pizza,3.8,100,"Pizza, Italian"
15,https://www.zomato.com/bangalore/corner-house-ice-creams-residency-road-bangalore/order,Corner House Ice Creams,4.5,100,"Ice Cream, Desserts, Shake"
16,https://www.zomato.com/bangalore/goli-vada-pav-no-1-jayanagar-bangalore/order,Goli Vada Pav No. 1,4,100,"Fast Food, Street Food, Maharashtrian, Rolls, Ice Cream"
17,https://www.zomato.com/bangalore/chicking-1-rajajinagar-bangalore/order,Chicking,3.7,100,"Fast Food, Burger, Pizza"
18,https://www.zomato.com/bangalore/thalassery-restaurant-kammanahalli/order,Thalassery Restaurant,4,100,"Kerala, North Indian, Chinese, Lebanese, Biryani, Ice Cream, Beverages"
19,https://www.zomato.com/bangalore/cakezone-koramangala-6th-block-bangalore/order,CakeZone,4.4,100,"Bakery, Ice Cream"
20,https://www.zomato.com/bangalore/kabab-magic-richmond-town-bangalore/order,Kabab Magic,3.6,100,"North Indian, Kebab, Hyderabadi, Mughlai, Chinese, Rolls"
21,https://www.zomato.com/bangalore/wow-momo-church-street-bangalore/order,WOW! Momo,4,100,"Momos, Fast Food, Tibetan"
22,https://www.zomato.com/bangalore/truffles-2-st-marks-road/order,Truffles,4.3,100,"Burger, American, Bakery, Italian, Oriental, Continental, Beverages, Desserts"
23,https://www.zomato.com/bangalore/mojo-pizza-2x-toppings-shanti-nagar-bangalore/order,MOJO Pizza - 2X Toppings,4.4,100,"Pizza, Fast Food, Desserts, Beverages"
24,https://www.zomato.com/bangalore/freshmenu-richmond-road/order,FreshMenu,3.9,250,"Continental, Healthy Food, Fast Food, Burger, Sandwich, Chinese, Pasta, Beverages"
25,https://www.zomato.com/bangalore/anand-sweets-and-savouries-commercial-street-bangalore/order,Anand Sweets And Savouries,4.3,250,"Mithai, Street Food, Beverages, Desserts"
26,https://www.zomato.com/bangalore/easybites-by-empire-brigade-road-bangalore/order,EasyBites by Empire,4.1,250,"Burger, Fast Food, Beverages"
27,https://www.zomato.com/bangalore/nandhini-deluxe-st-marks-road-bangalore/order,Nandhini Deluxe,4,250,"Andhra, Biryani, South Indian, North Indian, Chinese, Mughlai, Desserts, Beverages"
28,https://www.zomato.com/bangalore/ammas-pastries-ulsoor/order,Amma's Pastries,4.2,250,Bakery
29,https://www.zomato.com/bangalore/subway-lavelle-road/order,Subway,3.8,250,"Healthy Food, Sandwich, Wraps, Salad, Fast Food, Beverages"
30,https://www.zomato.com/bangalore/faasos-wraps-rolls-shanti-nagar-bangalore/order,Faasos - Wraps & Rolls,3.8,250,"Rolls, Wraps, Fast Food"
31,https://www.zomato.com/bangalore/big-bite-vijay-nagar/order,Big Bite,4.3,250,"Fast Food, Chinese, Street Food, Burger, Pizza, Beverages, Ice Cream"
32,https://www.zomato.com/bangalore/taco-bell-brigade-road-bangalore/order,Taco Bell,3.8,250,"Mexican, Wraps, Fast Food"
33,https://www.zomato.com/bangalore/eatfit-cunningham-road-bangalore/order,EatFit,4,250,"Healthy Food, North Indian, Pizza, Burger, Pasta, Biryani, Chinese, Beverages"
34,https://www.zomato.com/bangalore/ovenstory-pizza-1-shanti-nagar-bangalore/order,Ovenstory Pizza,4.3,250,"Pizza, Fast Food"
35,https://www.zomato.com/bangalore/nic-ice-creams-frazer-town-bangalore/order,NIC Ice Creams,4.5,250,Ice Cream
36,https://www.zomato.com/bangalore/samosa-party-brigade-road-bangalore/order,Samosa Party,4.5,100,"Street Food, Tea"
37,https://www.zomato.com/bangalore/warmoven-cake-desserts-vasanth-nagar-bangalore/order,WarmOven Cake & Desserts,3.9,100,"Bakery, Desserts, Beverages"
38,https://www.zomato.com/bangalore/sri-udupi-food-hub-majestic-bangalore/order,Sri Udupi Food Hub,4.1,100,"South Indian, North Indian, Chinese, Sandwich, Street Food, Ice Cream, Shake, Beverages"
39,https://www.zomato.com/bangalore/manis-dum-biryani-ulsoor/order,Mani's Dum Biryani,4.1,100,"Biryani, Kebab"
40,https://www.zomato.com/bangalore/kannur-food-point-btm/order,Kannur Food Point,3.7,100,"Kerala, Chinese, South Indian, Arabian, Juices, Beverages, Shake"
41,https://www.zomato.com/bangalore/lassi-shop-1-residency-road-bangalore/order,Lassi Shop,3.1,100,"Fast Food, Burger, Ice Cream, Desserts, Shake, Juices, Beverages"
42,https://www.zomato.com/bangalore/pizza@99-rajajinagar-bangalore/order,Pizza@99,3.2,100,"Pizza, Burger, Fast Food"
43,https://www.zomato.com/bangalore/imperial-restaurant-residency-road/order,Imperial Restaurant,3.9,100,"Mughlai, North Indian, Biryani, Chinese, Seafood, Ice Cream, Desserts, Beverages"
44,https://www.zomato.com/bangalore/beijing-bites-richmond-road/order,Beijing Bites,4.2,100,"Chinese, Asian, Thai, Seafood, Malaysian"
45,https://www.zomato.com/bangalore/kannur-food-kitchen-btm-bangalore/order,Kannur Food Kitchen,3.7,100,"South Indian, Biryani, Chinese, Arabian, Beverages, Shake"
46,https://www.zomato.com/bangalore/chai-point-church-street-bangalore/order,Chai Point,4,100,"Tea, Beverages, Shake, Fast Food, Rolls, Desserts, Coffee"
47,https://www.zomato.com/bangalore/california-burrito-cunningham-road/order,California Burrito,4.1,100,"Mexican, Fast Food, Beverages"
48,https://www.zomato.com/bangalore/kwalitywalls-frozen-dessert-and-ice-cream-shop-wilson-garden-bangalore/order,Kwalitywall's Frozen Dessert And Ice Cream Shop,4.4,100,"Ice Cream, Desserts"
49,https://www.zomato.com/bangalore/natural-ice-cream-st-marks-road/order,Natural Ice Cream,4.6,100,"Ice Cream, Beverages, Desserts"
50,https://www.zomato.com/bangalore/rolls-on-wheels-cunningham-road/order,Rolls On Wheels,4.2,100,"Rolls, Fast Food, Chinese"
51,https://www.zomato.com/bangalore/grill-biryanis-1-malleshwaram-bangalore/order,Grill Biryanis,3.7,100,"Biryani, North Indian, Mughlai, Chinese, Sichuan"
52,https://www.zomato.com/bangalore/frozen-bottle-milkshakes-desserts-and-ice-cream-brigade-road-bangalore/order,"Frozen Bottle - Milkshakes, Desserts and Ice Cream",4.1,100,"Beverages, Desserts, Ice Cream, Waffle, Bakery, Healthy Food"
53,https://www.zomato.com/bangalore/paakashala-mg-road-bangalore/order,Paakashala,4.2,100,"South Indian, Street Food, Chinese, Fast Food, Ice Cream, Beverages"
54,https://www.zomato.com/bangalore/asha-sweet-center-1-vasanth-nagar-bangalore/order,Asha Sweet Center,4.3,100,Mithai
55,https://www.zomato.com/bangalore/paradise-biryani-rajajinagar-bangalore/order,Paradise Biryani,4,100,"Biryani, North Indian, Kebab"
56,https://www.zomato.com/bangalore/behrouz-biryani-shanti-nagar-bangalore/order,Behrouz Biryani,4.2,100,"Biryani, Kebab, Hyderabadi, Lucknowi"
57,https://www.zomato.com/bangalore/sri-udupi-park-residency-road/order,Sri Udupi Park,4.2,100,"South Indian, Chinese, Street Food, Beverages, North Indian, Shake"
58,https://www.zomato.com/bangalore/dindigul-thalappakatti-brigade-road-bangalore/order,Dindigul Thalappakatti,3.8,100,"Biryani, North Indian, South Indian, Chinese, Seafood, Beverages"
59,https://www.zomato.com/bangalore/krishna-vaibhava-vijay-nagar-bangalore/order,Krishna Vaibhava,4.2,100,"South Indian, North Indian, Mithai, Chinese, Biryani"
60,https://www.zomato.com/bangalore/ambur-star-briyani-since-1890-indiranagar-bangalore/order,Ambur Star Briyani Since 1890,4.3,200,"Biryani, Chettinad, Chinese, North Indian"
61,https://www.zomato.com/bangalore/kolkata-kathi-rolls-jp-nagar/order,Kolkata Kathi Rolls,3.9,200,"Rolls, Biryani, Chinese, North Indian, Sichuan"
62,https://www.zomato.com/bangalore/chinese-wok-malleshwaram-bangalore/order,Chinese Wok,3.5,200,"Chinese, Momos, Sichuan"
63,https://www.zomato.com/bangalore/the-belgian-waffle-co-seshadripuram-bangalore/order,The Belgian Waffle Co.,4.2,200,"Waffle, Pancake, Desserts, Beverages"
64,https://www.zomato.com/bangalore/meat-and-eat-domlur/order,Meat And Eat,4,200,"Burger, Sandwich, Fast Food, Wraps, Biryani, Beverages, Desserts"
65,https://www.zomato.com/bangalore/theobroma-lavelle-road-bangalore/order,Theobroma,4.3,200,"Bakery, Desserts, Beverages"
66,https://www.zomato.com/bangalore/andhra-gunpowder-seshadripuram-bangalore/order,Andhra Gunpowder,4.4,200,"Andhra, Biryani, South Indian, Desserts, Beverages, Hyderabadi"
67,https://www.zomato.com/bangalore/glens-bakehouse-lavelle-road/order,Glen's Bakehouse,4.3,200,"Bakery, Cafe, Italian, Continental, Fast Food, Beverages, Desserts"
68,https://www.zomato.com/bangalore/call-me-chow-koramangala-8th-block-bangalore/order,Call Me Chow,4.2,200,"Chinese, Japanese, Thai, Indonesian, Asian"
69,https://www.zomato.com/bangalore/royal-biryani-kitchen-btm-bangalore/order,Royal Biryani Kitchen,3.4,200,"Biryani, North Indian, Mughlai, Fast Food, Beverages, Sichuan"
70,https://www.zomato.com/bangalore/donne-biryani-house-btm-bangalore/order,Donne Biryani House,3.6,200,"Biryani, Fast Food"
71,https://www.zomato.com/bangalore/royal-restaurant-shivajinagar/order,Royal Restaurant,4,200,"North Indian, Chinese, Sichuan"
72,https://www.zomato.com/bangalore/krispy-kreme-richmond-road/order,Krispy Kreme,4.5,150,"Desserts, Beverages"
73,https://www.zomato.com/bangalore/chaatimes-brigade-road-bangalore/order,Chaatimes,4.2,150,"Street Food, Fast Food"
74,https://www.zomato.com/bangalore/pathaan-sir-frazer-town/order,Pathaan Sir,3.8,150,"Rolls, Chinese, Momos"
75,https://www.zomato.com/bangalore/cakewala-1-jayanagar/order,Cakewala,4.3,150,"Bakery, Desserts"
76,https://www.zomato.com/bangalore/vijayalakshmi-veg-frazer-town-bangalore/order,Vijayalakshmi Veg,4,150,"South Indian, Chinese, North Indian, Sichuan"
77,https://www.zomato.com/bangalore/baskin-robbins-church-street/order,Baskin Robbins,4.3,150,"Ice Cream, Desserts"
78,https://www.zomato.com/bangalore/chaayos-chai-snacks-relax-cunningham-road-bangalore/order,Chaayos Chai+Snacks=Relax,4.1,150,"Tea, Beverages"
79,https://www.zomato.com/bangalore/hari-super-sandwich-seshadripuram-bangalore/order,Hari Super Sandwich,3.8,150,"Sandwich, Pizza, Fast Food, Street Food"
80,https://www.zomato.com/bangalore/rnr-biryani-taste-of-1953-1-jayanagar-bangalore/order,RNR Biryani - Taste Of 1953,4.2,150,"Biryani, South Indian, Desserts, Beverages, Andhra"
81,https://www.zomato.com/bangalore/kaati-zone-rolls-and-wraps-vasanth-nagar-bangalore/order,Kaati Zone Rolls and Wraps,3.8,150,"Rolls, Wraps, Fast Food, Desserts, Shake, Beverages"
82,https://www.zomato.com/bangalore/sultan-palace-darbar-restaurant-nagawara-bangalore/order,Sultan - Palace Darbar Restaurant,3.4,150,"North Indian, Chinese, Arabian, Mughlai"
83,https://www.zomato.com/bangalore/box8-desi-meals-shanti-nagar-bangalore/order,BOX8 - Desi Meals,4.3,150,"Wraps, North Indian, Fast Food, Biryani, Ice Cream, Desserts, Beverages"
84,https://www.zomato.com/bangalore/new-agarwal-bhavan-sadashiv-nagar-bangalore/order,New Agarwal Bhavan,4.1,100,"Mithai, Street Food"
85,https://www.zomato.com/bangalore/roti-ghar-basavanagudi/order,Roti Ghar,4.1,100,"North Indian, Chinese, South Indian, Street Food, Fast Food, Desserts, Shake, Beverages"
86,https://www.zomato.com/bangalore/laddoos-jeevan-bhima-nagar/order,Laddoos,4,100,"Mithai, North Indian, Street Food"
87,https://www.zomato.com/bangalore/savi-sagar-malleshwaram-bangalore/order,Savi Sagar,3.8,100,"North Indian, South Indian, Chinese, Sandwich, Street Food, Ice Cream, Juices, Beverages"
88,https://www.zomato.com/bangalore/madeena-hotel-koramangala-5th-block-bangalore/order,Madeena Hotel,4,100,"Biryani, Kebab, North Indian"
89,https://www.zomato.com/bangalore/moriz-nano-restaurant-ulsoor/order,Moriz Nano Restaurant,3.6,100,"North Indian, Chinese, Arabian, Mughlai, Fast Food, Beverages, Shake"
90,https://www.zomato.com/bangalore/m-m-a-kabab-and-rolls-old-madras-road-bangalore/order,M.M.A Kabab and Rolls,3.7,100,"North Indian, Mughlai, Chinese, Kebab, Rolls, Seafood, Arabian, Biryani"
91,https://www.zomato.com/bangalore/smoor-lavelle-road-bangalore/order,Smoor,4.1,100,"Fast Food, Italian, Chinese, Salad, Pizza, Burger, Pasta, Asian"
92,https://www.zomato.com/bangalore/the-pizza-bakery-church-street-bangalore/order,The Pizza Bakery,4.2,100,"Pizza, Pasta, Italian, Desserts, Continental, Beverages"
93,https://www.zomato.com/bangalore/shree-mahalakshmi-sweets-2-basavanagudi-bangalore/order,Shree Mahalakshmi Sweets,4.1,100,"Mithai, Street Food"
94,https://www.zomato.com/bangalore/shanmukha-1-jp-nagar-bangalore/order,Shanmukha,4.1,100,"Biryani, Andhra, North Indian, Chinese, Seafood"
95,https://www.zomato.com/bangalore/starbucks-coffee-lavelle-road-bangalore/order,Starbucks Coffee,4.2,100,"Cafe, Beverages, Desserts"
96,https://www.zomato.com/bangalore/chaat-street-koramangala-4th-block-bangalore/order,Chaat Street,3.9,100,"Street Food, Fast Food, North Indian, Beverages"
97,https://www.zomato.com/bangalore/al-ameen-rolls-corner-kammanahalli-bangalore/order,Al Ameen Rolls Corner,3.7,100,"Rolls, Fast Food"
98,https://www.zomato.com/bangalore/narmada-chain-of-restaurants-frazer-town-bangalore/order,Narmada Chain of Restaurants,4.3,100,"Andhra, Hyderabadi, Biryani, North Indian, Chinese, Beverages"
99,https://www.zomato.com/bangalore/zomoz-the-momo-company-indiranagar-bangalore/order,Zomoz - The Momo Company,4.1,100,"Momos, Fast Food"
100,https://www.zomato.com/bangalore/sandwich-guru-basavanagudi-bangalore/order,Sandwich Guru,4,100,"Sandwich, Fast Food, Beverages, Shake"
101,https://www.zomato.com/bangalore/donne-biryani-house-malleshwaram/order,Donne Biryani House,4,100,"Biryani, South Indian"
102,https://www.zomato.com/bangalore/sangam-sweets-majestic/order,Sangam Sweets,4.3,100,"Mithai, Street Food, Fast Food"
103,https://www.zomato.com/bangalore/madurai-idly-shop-1-koramangala-7th-block-bangalore/order,Madurai Idly Shop,3.9,100,South Indian
104,https://www.zomato.com/bangalore/karnataka-biryani-point-rajajinagar-bangalore/order,Karnataka Biryani Point,4,100,"Biryani, South Indian"
105,https://www.zomato.com/bangalore/bangarpet-chats-banashankari/order,Bangarpet Chats,3.7,100,Street Food
106,https://www.zomato.com/bangalore/biryani-by-kilo-majestic-bangalore/order,Biryani By Kilo,4.1,100,"Biryani, Hyderabadi, North Indian, Kebab, Mughlai, Desserts"
107,https://www.zomato.com/bangalore/punjabi-nawabi-koramangala-7th-block-bangalore/order,Punjabi Nawabi,3.6,100,"North Indian, Biryani, Mughlai, Chinese, Kebab"
108,https://www.zomato.com/bangalore/five-star-new-ambur-biryani-btm-bangalore/order,Five Star New Ambur Biryani,3.4,100,"Biryani, Fast Food, South Indian"
109,https://www.zomato.com/bangalore/potful-claypot-biryanis-thippasandra-bangalore/order,Potful - Claypot Biryanis,4.1,100,"Biryani, Kebab, Mughlai, North Indian, Desserts"
110,https://www.zomato.com/bangalore/barbeque-nation-ulsoor-bangalore/order,Barbeque Nation,3.8,100,"Street Food, Mughlai, Biryani, North Indian, Bar Food, Beverages"
111,https://www.zomato.com/bangalore/donne-biriyani-house-richmond-road-bangalore/order,Donne Biriyani House,3.8,100,"Biryani, South Indian"
112,https://www.zomato.com/bangalore/biryani-trip-destination-hyderabad-seshadripuram-bangalore/order,Biryani Trip - Destination Hyderabad,4.3,100,"Biryani, Mughlai, Hyderabadi"
113,https://www.zomato.com/bangalore/priyadarshini-grand-basaveshwara-nagar/order,Priyadarshini Grand,4.3,100,"South Indian, Street Food, Ice Cream, Desserts, Beverages, Shake"
114,https://www.zomato.com/bangalore/ts-21-spice-biryani-indiranagar-bangalore/order,T’s 21 Spice Biryani,4,100,"Biryani, Andhra"
115,https://www.zomato.com/bangalore/new-shanthi-sagar-rajajinagar-bangalore/order,New Shanthi Sagar,4,100,"North Indian, Street Food, Fast Food, South Indian, Chinese, Ice Cream, Shake"
116,https://www.zomato.com/bangalore/juice-junction-st-marks-road/order,Juice Junction,4.2,100,"Juices, Beverages, Sandwich, Fast Food, Shake, Rolls, Healthy Food, Street Food"
117,https://www.zomato.com/bangalore/new-udupi-grand-1-koramangala-8th-block-bangalore/order,New Udupi Grand,3.8,100,"South Indian, North Indian, Street Food, Beverages, Chinese, Shake"
118,https://www.zomato.com/bangalore/sagar-hotel-rajajinagar/order,Sagar Hotel,4.2,100,"North Indian, Chinese, Street Food, Fast Food, South Indian, Juices, Beverages"
119,https://www.zomato.com/bangalore/kolkata-famous-kati-rolls-rajajinagar-bangalore/order,Kolkata Famous Kati Rolls,3.9,100,Rolls
120,https://www.zomato.com/bangalore/hyderabad-biryaani-house-airport-road/order,Hyderabad Biryaani House,3.8,200,"Biryani, North Indian, Hyderabadi, Mughlai, Chinese"
121,https://www.zomato.com/bangalore/meghduth-biryanis-jayanagar-bangalore/order,Meghduth Biryanis,3.7,200,"Biryani, South Indian"
122,https://www.zomato.com/bangalore/sai-prasadam-vijay-nagar-bangalore/order,Sai Prasadam,4.1,200,"North Indian, South Indian, Street Food, Chinese"
123,https://www.zomato.com/bangalore/chowman-indiranagar-bangalore/order,Chowman,4,200,"Chinese, Asian, Thai, Oriental, Seafood, Sichuan, Beverages, Desserts"
124,https://www.zomato.com/bangalore/idc-kitchen-residency-road-bangalore/order,IDC Kitchen,4.2,200,"South Indian, Beverages"
125,https://www.zomato.com/bangalore/szechuan-dragon-banashankari/order,Szechuan Dragon,4.1,200,"Chinese, Asian, Thai, Momos"
126,https://www.zomato.com/chettyscorner/order,Chetty's Corner,4,200,"Fast Food, Sandwich, Pizza, Burger, Street Food, Beverages"
127,https://www.zomato.com/bangalore/biggies-burger-church-street-bangalore/order,Biggies Burger,4.1,200,"Fast Food, Burger, Beverages"
128,https://www.zomato.com/bangalore/kolkata-no-1-kati-rolls-rajajinagar-bangalore/order,Kolkata No. 1 Kati Rolls,3.9,200,Rolls
129,https://www.zomato.com/bangalore/kabab-king-kumaraswamy-layout-bangalore/order,Kabab King,3.4,200,"North Indian, Chinese, Juices, Shake"
130,https://www.zomato.com/bangalore/momoz-rt-nagar-bangalore/order,Momoz,4,200,"Chinese, Momos, Sichuan"
131,https://www.zomato.com/bangalore/sardarji-londonwaley-koramangala-7th-block-bangalore/order,Sardarji Londonwaley,3.7,200,"North Indian, Chinese, Mughlai"
132,https://www.zomato.com/bangalore/gopizza-2-banaswadi-bangalore/order,GOPIZZA,4.1,300,"Pizza, Fast Food"
133,https://www.zomato.com/bangalore/namaste-btm-bangalore/order,Namaste,4,300,"South Indian, Beverages, Chinese"
134,https://www.zomato.com/bangalore/rolls-kitchen-rajajinagar/order,Rolls Kitchen,4.1,300,"Fast Food, Rolls, Beverages, Chinese"
135,https://www.zomato.com/bangalore/big-bowl-company-hosur-road-bangalore/order,Big Bowl Company,3.7,300,"North Indian, Chinese, Biryani, Fast Food, Momos, Sichuan"
136,https://www.zomato.com/bangalore/just-bake-seshadripuram/order,Just Bake,4.1,300,"Bakery, Desserts, Street Food"
137,https://www.zomato.com/bangalore/donne-biryani-mane-koramangala-4th-block-bangalore/order,Donne Biryani Mane,4.1,300,"Biryani, South Indian"
138,https://www.zomato.com/bangalore/yumlane-pizza-koramangala-5th-block-bangalore/order,Yumlane Pizza,4,300,"Pizza, Fast Food, Desserts, Beverages"
139,https://www.zomato.com/bangalore/the-bake-feast-indiranagar-bangalore/order,The Bake Feast,4.1,300,"Bakery, Desserts"
140,https://www.zomato.com/bangalore/delicacy-frazer-town/order,Delicacy,3.7,300,"Chinese, Thai"
141,https://www.zomato.com/bangalore/savoury-restaurant-1-frazer-town/order,Savoury Restaurant,4.1,300,"Arabian, Mughlai, North Indian, Chinese, Fast Food, Beverages, Shake, Desserts"
142,https://www.zomato.com/bangalore/7-plates-frazer-town/order,7 Plates,4,300,"North Indian, Mughlai, Rolls, Chinese"
143,https://www.zomato.com/bangalore/chinese-bae-rt-nagar-bangalore/order,Chinese BAE,3.8,300,"Chinese, Seafood, Momos, Sichuan"
144,https://www.zomato.com/bangalore/mandya-nati-style-vijay-nagar-bangalore/order,Mandya Nati Style,3.6,200,"South Indian, Biryani"
145,https://www.zomato.com/bangalore/ctr-shri-sagar-malleshwaram-bangalore/order,CTR Shri Sagar,4.4,200,South Indian
146,https://www.zomato.com/bangalore/antarastriya-rajajinagar-bangalore/order,Antarastriya,3.8,200,"Chinese, Fast Food, Mexican, Italian, Beverages, Juices"
147,https://www.zomato.com/bangalore/wow-china-church-street-bangalore/order,WOW! China,3.8,200,"Chinese, Rolls, Seafood, Desserts, Shake, Sichuan"
148,https://www.zomato.com/bangalore/the-dessert-heaven-pure-veg-koramangala-6th-block-bangalore/order,The Dessert Heaven - Pure Veg,4.3,200,"Desserts, Bakery"
149,https://www.zomato.com/bangalore/aubree-shivajinagar-bangalore/order,Aubree,4.3,200,"Bakery, Fast Food, Italian, Thai, Desserts"
150,https://www.zomato.com/bangalore/brahmins-thatte-idli-malleshwaram-bangalore/order,Brahmins' Thatte Idli,4.3,200,South Indian
151,https://www.zomato.com/bangalore/e2p-italian-pizza-burger-basaveshwara-nagar-bangalore/order,E2P Italian Pizza & Burger,3.7,200,"Pizza, Fast Food, Pasta, Sandwich, Burger, Desserts, Beverages"
152,https://www.zomato.com/bangalore/cake-n-chef-bannerghatta-road-bangalore/order,Cake N Chef,4,200,"Bakery, Desserts"
153,https://www.zomato.com/bangalore/99-variety-dosa-pav-bhaji-koramangala-6th-block-bangalore/order,99 Variety Dosa & Pav Bhaji,3.8,200,"South Indian, Maharashtrian"
154,https://www.zomato.com/bangalore/karnataka-bhel-house-basavanagudi/order,Karnataka Bhel House,4.3,200,"Street Food, Ice Cream"
155,https://www.zomato.com/bangalore/hyderabad-biryani-house-malleshwaram-bangalore/order,Hyderabad Biryani House,4,200,"North Indian, Hyderabadi, Chinese, Biryani, Mughlai, Desserts, Beverages, Shake"
156,https://www.zomato.com/bangalore/third-wave-coffee-lavelle-road-bangalore/order,Third Wave Coffee,3.8,250,"Cafe, Beverages, Desserts, Coffee, Tea, Pizza, Fast Food"
157,https://www.zomato.com/bangalore/keventers-milkshakes-desserts-brigade-road-bangalore/order,Keventers - Milkshakes & Desserts,4.3,250,"Shake, Beverages, Ice Cream"
158,https://www.zomato.com/bangalore/lunchbox-meals-and-thalis-vasanth-nagar-bangalore/order,LunchBox - Meals and Thalis,3.9,250,North Indian
159,https://www.zomato.com/bangalore/pizza-house-1-rt-nagar-bangalore/order,Pizza House,4.1,250,"Pizza, Fast Food, Burger"
160,https://www.zomato.com/bangalore/chef-bakers-koramangala-7th-block-bangalore/order,Chef Bakers,3.8,250,"Bakery, Fast Food, Pizza, Sandwich, Burger, Desserts"
161,https://www.zomato.com/bangalore/anjappar-brigade-road-bangalore/order,Anjappar,3.9,250,"South Indian, Chettinad, Biryani, Seafood, Chinese, North Indian, Desserts, Beverages"
162,https://www.zomato.com/bangalore/ambur-biryani-point-koramangala-8th-block-bangalore/order,Ambur Biryani Point,3.8,250,"Biryani, Fast Food"
163,https://www.zomato.com/bangalore/kaapi-katte-malleshwaram/order,Kaapi Katte,3.6,250,"South Indian, Beverages"
164,https://www.zomato.com/bangalore/rotti-walla-indiranagar-bangalore/order,Rotti Walla,3.9,250,"North Indian, South Indian, Chinese, Mughlai, Biryani, Fast Food, Beverages, Desserts"
165,https://www.zomato.com/bangalore/great-indian-khichdi-by-eatfit-cunningham-road-bangalore/order,Great Indian Khichdi by EatFit,4,250,"Healthy Food, North Indian, Ice Cream, Desserts, Beverages"
166,https://www.zomato.com/bangalore/puliyogare-point-basavanagudi/order,Puliyogare Point,4.3,250,"South Indian, Desserts"
167,https://www.zomato.com/bangalore/nh1-bowls-highway-to-north-langford-town-bangalore/order,NH1 Bowls - Highway To North,4.5,250,"North Indian, Fast Food, Desserts, Beverages"
168,https://www.zomato.com/bangalore/hari-super-sandwich-btm-bangalore/order,Hari Super Sandwich,4.1,100,"Sandwich, Fast Food"
169,https://www.zomato.com/bangalore/biryani-blues-church-street-bangalore/order,Biryani Blues,4.2,100,"Biryani, Kebab, Hyderabadi"
170,https://www.zomato.com/bangalore/ambur-darbar-biriyani-point-yeshwantpur/order,Ambur Darbar Biriyani Point,4,100,"Biryani, Kebab"
171,https://www.zomato.com/bangalore/texas-burgers-thippasandra-bangalore/order,Texas Burgers,4.1,100,Burger
172,https://www.zomato.com/bangalore/d-zaprino-rajajinagar-bangalore/order,D-Zaprino,3.8,100,"Fast Food, Street Food, Biryani, Desserts, Beverages"
173,https://www.zomato.com/bangalore/99-varieties-dosa-pav-bhaji-btm-bangalore/order,99 Varieties Dosa & Pav Bhaji,3.7,100,South Indian
174,https://www.zomato.com/bangalore/ande-ka-funda-2-btm-bangalore/order,Ande Ka Funda,3.7,100,"North Indian, Rolls, Chinese"
175,https://www.zomato.com/bangalore/natraj-chole-bhature-indiranagar-bangalore/order,Natraj Chole Bhature,4.1,100,North Indian
176,https://www.zomato.com/bangalore/just-cakes-koramangala-7th-block-bangalore/order,Just Cakes,3.7,100,"Bakery, Desserts"
177,https://www.zomato.com/bangalore/calicut-cafe-restaurant-btm-bangalore/order,Calicut Cafe Restaurant,3.4,100,"Kerala, South Indian, Biryani, Chinese, Juices, Beverages, Shake, Sichuan"
178,https://www.zomato.com/bangalore/the-biryani-life-shanti-nagar-bangalore/order,The Biryani Life,3.4,100,"Biryani, Kebab, Hyderabadi, Lucknowi"
179,https://www.zomato.com/bangalore/xo-belgian-waffle-koramangala-5th-block/order,XO Belgian Waffle,4.3,100,"Desserts, Beverages, Waffle, Shake"
180,https://www.zomato.com/bangalore/cafe-coffee-day-1-lavelle-road-bangalore/order,Cafe Coffee Day,3.8,250,"Cafe, Fast Food, Coffee, Beverages, Desserts"
181,https://www.zomato.com/bangalore/shanthi-sagar-basaveshwara-nagar/order,Shanthi Sagar,4.1,250,"South Indian, North Indian, Chinese, Street Food, Ice Cream, Desserts, Shake, Beverages"
182,https://www.zomato.com/bangalore/ayodhya-vihar-pure-veg-jeevan-bhima-nagar-bangalore/order,Ayodhya Vihar Pure Veg,4.2,250,"North Indian, Chinese, South Indian, Beverages, Desserts, Juices, Ice Cream, Shake"
183,https://www.zomato.com/bangalore/ayodhya-sagar-basaveshwara-nagar-bangalore/order,Ayodhya Sagar,4.1,250,"South Indian, North Indian, Chinese, Street Food, Desserts, Beverages"
184,https://www.zomato.com/bangalore/ibaco-brigade-road-bangalore/order,ibaco,4.5,250,"Ice Cream, Bakery, Desserts"
185,https://www.zomato.com/bangalore/new-krishna-sagar-hbr-layout/order,New Krishna Sagar,4.1,250,"South Indian, North Indian, Chinese, Street Food, Beverages"
186,https://www.zomato.com/bangalore/sweet-truth-cake-and-desserts-shanti-nagar-bangalore/order,Sweet Truth - Cake and Desserts,3.3,250,"Desserts, Bakery"
187,https://www.zomato.com/bangalore/just-shawarma-indiranagar-bangalore/order,Just Shawarma,3.9,250,"Lebanese, Fast Food, Beverages"
188,https://www.zomato.com/bangalore/hotel-kadamba-veg-rajajinagar/order,Hotel Kadamba Veg,4.2,250,"South Indian, North Indian, Chinese, Salad, Mithai, Beverages"
189,https://www.zomato.com/bangalore/ludos-pizza-koramangala-6th-block-bangalore/order,Ludos Pizza,4,250,"Pizza, Fast Food, Desserts, Beverages"
190,https://www.zomato.com/bangalore/cupcake-bliss-cakes-desserts-vasanth-nagar-bangalore/order,Cupcake Bliss Cakes & Desserts,3.5,250,"Bakery, Desserts"
191,https://www.zomato.com/bangalore/indraprastha-restaurant-vijay-nagar/order,Indraprastha Restaurant,4,250,"North Indian, Chinese, Biryani"
192,https://www.zomato.com/bangalore/gowdru-hotel-vijay-nagar-bangalore/order,Gowdru Hotel,3.6,100,"Biryani, South Indian, North Indian"
193,https://www.zomato.com/bangalore/uttam-sagar-banaswadi/order,Uttam Sagar,4,100,"South Indian, North Indian, Street Food, Chinese, Fast Food, Beverages, Desserts"
194,https://www.zomato.com/bangalore/momo-zone-the-momo-company-vasanth-nagar-bangalore/order,Momo Zone - The Momo Company,3.5,100,"Chinese, Tibetan"
195,https://www.zomato.com/bangalore/sri-durga-chats-juice-vijay-nagar-bangalore/order,Sri Durga Chats & Juice,4.2,100,"Fast Food, Street Food, Beverages, Desserts"
196,https://www.zomato.com/bangalore/davanagere-benne-dose-jayanagar-bangalore/order,Davanagere Benne Dose,4.1,100,"South Indian, Kerala"
197,https://www.zomato.com/bangalore/paratha-envy-koramangala-6th-block-bangalore/order,Paratha Envy,4.2,100,North Indian
198,https://www.zomato.com/bangalore/afghani-tandoori-hub-btm-bangalore/order,Afghani Tandoori Hub,3.4,100,"Afghan, Fast Food, Chinese, North Indian, Desserts, Beverages, Sichuan"
199,https://www.zomato.com/bangalore/sree-banashankari-donne-biriyani-basaveshwara-nagar-bangalore/order,Sree Banashankari Donne Biriyani,4.1,100,"Biryani, South Indian"
200,https://www.zomato.com/bangalore/absolute-shawarma-thippasandra-bangalore/order,Absolute Shawarma,4.1,100,Shawarma
201,https://www.zomato.com/bangalore/muthashys-btm-bangalore/order,Muthashy's,4.2,100,"Kerala, South Indian, Chinese, Sichuan"
202,https://www.zomato.com/bangalore/the-dessert-zone-vasanth-nagar-bangalore/order,The Dessert Zone,3.4,100,"Desserts, Bakery"
203,https://www.zomato.com/bangalore/cream-stone-ice-cream-frazer-town-bangalore/order,Cream Stone Ice Cream,4.1,100,"Ice Cream, Desserts, Beverages, Shake"
204,https://www.zomato.com/bangalore/donne-biryani-palace-1-jayanagar-bangalore/order,Donne Biryani Palace,4.3,200,"Biryani, South Indian, North Indian, Chinese"
205,https://www.zomato.com/bangalore/new-udupi-garden-airport-road-bangalore/order,New Udupi Garden,3.7,200,"South Indian, North Indian, Beverages, Chinese"
206,https://www.zomato.com/bangalore/fb-cakes-btm-bangalore/order,FB Cakes,3.8,200,"Bakery, Desserts"
207,https://www.zomato.com/bangalore/aromas-of-biryani-1-jayanagar-bangalore/order,Aromas Of Biryani,3.9,200,"Biryani, North Indian, Chinese, Mughlai, Kebab, Seafood, Ice Cream, Beverages"
208,https://www.zomato.com/bangalore/siddique-kabab-centre-frazer-town/order,Siddique Kabab Centre,4,200,"Mughlai, Chinese, North Indian, Rolls, Sichuan"
209,https://www.zomato.com/bangalore/the-good-bowl-shanti-nagar-bangalore/order,The Good Bowl,4.3,200,"North Indian, Pasta, Italian"
210,https://www.zomato.com/bangalore/gopaljee-cafe-koramangala-7th-block-bangalore/order,Gopaljee Cafe,4.1,200,"Street Food, North Indian, Beverages"
211,https://www.zomato.com/bangalore/hotel-karavali-food-point-vijay-nagar/order,Hotel Karavali Food Point,3.7,200,"Mangalorean, South Indian, North Indian, Chinese"
212,https://www.zomato.com/bangalore/sri-venkateshwara-sweetmeat-stall-majestic/order,Sri Venkateshwara Sweetmeat Stall,4.5,200,"Mithai, Street Food, Fast Food, North Indian"
213,https://www.zomato.com/bangalore/mealful-rolls-indias-biggest-rolls-langford-town-bangalore/order,Mealful Rolls - India's Biggest Rolls,4.3,200,"Rolls, Fast Food, North Indian, Desserts, Beverages"
214,https://www.zomato.com/bangalore/kabab-king-restaurant-1-banashankari-bangalore/order,Kabab King Restaurant,3.4,200,"Chinese, North Indian, Beverages"
215,https://www.zomato.com/bangalore/the-momo-co-hosur-road-bangalore/order,The Momo Co.,3.7,200,"Chinese, Momos, Desserts, Beverages, Sichuan"
216,https://www.zomato.com/bangalore/ubq-by-barbeque-nation-ulsoor-bangalore/order,UBQ By Barbeque Nation,3.7,350,"North Indian, BBQ, Biryani, Kebab"
217,https://www.zomato.com/bangalore/nomad-pizza-traveller-series-indiranagar-bangalore/order,Nomad Pizza - Traveller Series,4.1,350,Pizza
218,https://www.zomato.com/bangalore/crustos-cheese-burst-pizza-koramangala-6th-block-bangalore/order,Crusto’s - Cheese Burst Pizza,4,350,Pizza
219,https://www.zomato.com/bangalore/the-cake-deluxe-basavanagudi-bangalore/order,The Cake Deluxe,4.2,350,Bakery
220,https://www.zomato.com/bangalore/sreeraj-lassi-bar-shanti-nagar/order,Sreeraj Lassi Bar,4.1,350,"Beverages, Shake, Ice Cream, Desserts"
221,https://www.zomato.com/bangalore/upahara-darshini-jayanagar/order,Upahara Darshini,4.1,350,"South Indian, North Indian, Fast Food, Street Food, Ice Cream, Beverages, Chinese"
222,https://www.zomato.com/bangalore/chinese-square-basavanagudi-bangalore/order,Chinese Square,3.9,350,"Chinese, Fast Food, Beverages, Shake"
223,https://www.zomato.com/bangalore/wonder-sipp-vijay-nagar-bangalore/order,Wonder Sipp,3.4,350,"Fast Food, Sandwich, Burger, Pizza"
224,https://www.zomato.com/bangalore/dum-biryani-hub-btm-bangalore/order,Dum Biryani Hub,3.5,350,"Biryani, North Indian, Chinese, Desserts, Beverages, Sichuan"
225,https://www.zomato.com/bangalore/the-cake-fancy-basavanagudi-bangalore/order,The Cake Fancy,4.3,350,Bakery
226,https://www.zomato.com/bangalore/apsara-ice-creams-koramangala-5th-block-bangalore/order,Apsara Ice Creams,4.6,350,"Ice Cream, Desserts"
227,https://www.zomato.com/bangalore/rooftop-cafe-jayanagar/order,Rooftop Cafe,3.6,350,"Pizza, Fast Food, Chinese, Coffee, Beverages"
228,https://www.zomato.com/bangalore/kailash-parbat-commercial-street-bangalore/order,Kailash Parbat,3.4,200,"North Indian, Street Food, Beverages"
229,https://www.zomato.com/bangalore/new-taj-darbar-shivajinagar-bangalore/order,New Taj Darbar,3.6,200,"North Indian, Chinese, Mughlai, Biryani"
230,https://www.zomato.com/bangalore/donne-biryani-house-vijay-nagar-bangalore/order,Donne Biryani House,3.6,200,"Biryani, North Indian, South Indian, Fast Food"
231,https://www.zomato.com/bangalore/bangarpet-chats-rajajinagar-bangalore/order,Bangarpet Chats,4.1,200,Street Food
232,https://www.zomato.com/bangalore/sri-srinivas-pork-hotel-ejipura-bangalore/order,Sri Srinivas Pork Hotel,3.4,200,Fast Food
233,https://www.zomato.com/bangalore/paris-panini-gourmet-sandwiches-indiranagar-bangalore/order,Paris Panini - Gourmet Sandwiches,4.3,200,"French, Continental, Panini, Beverages, Desserts"
234,https://www.zomato.com/bangalore/shanthi-sagar-ulsoor/order,Shanthi Sagar,4,200,"South Indian, North Indian, Chinese, Street Food, Desserts, Shake, Beverages"
235,https://www.zomato.com/bangalore/donne-biriyani-house-kammanahalli-bangalore/order,Donne Biriyani House,3.5,200,"Biryani, South Indian"
236,https://www.zomato.com/bangalore/sagar-seshadripuram-bangalore/order,Sagar,3.9,200,"North Indian, South Indian, Fast Food, Street Food, Chinese, Desserts, Shake, Beverages"
237,https://www.zomato.com/bangalore/kedias-fun-food-jayanagar/order,Kedia's Fun Food,4.2,200,"North Indian, Street Food, Beverages"
238,https://www.zomato.com/bangalore/ambur-hot-dum-biryani-btm/order,Ambur Hot Dum Biryani,3.9,200,Biryani
239,https://www.zomato.com/bangalore/gully-treats-basaveshwara-nagar-bangalore/order,Gully Treats,4.1,200,"Street Food, Fast Food, North Indian, Sandwich, Beverages, Sichuan"
240,https://www.zomato.com/bangalore/truecakes-domlur-bangalore/order,TrueCakes,4,100,"Bakery, Desserts"
241,https://www.zomato.com/bangalore/bucket-biryani-brigade-road-bangalore/order,Bucket Biryani,4.1,100,"Biryani, North Indian, Chinese, Mughlai, Kebab"
242,https://www.zomato.com/bangalore/zaza-22-spice-biryani-shanti-nagar-bangalore/order,ZAZA 22 Spice Biryani,4,100,"Biryani, North Indian, Mughlai, Desserts, Beverages"
243,https://www.zomato.com/bangalore/tharavadu-koramangala-5th-block-bangalore/order,Tharavadu,3.6,100,"Chinese, Biryani, South Indian, Kerala"
244,https://www.zomato.com/antarastriya/order,Antarastriya,3.8,100,"Pizza, Fast Food, Chinese, Beverages, Shake, Italian, Mexican, Juices"
245,https://www.zomato.com/bangalore/bake-and-juice-hosur-road-bangalore/order,Bake and Juice,3.8,100,"Arabian, Sandwich, Burger, Biryani, Lebanese, Beverages, Juices, Shake"
246,https://www.zomato.com/bangalore/la-heaven-malleshwaram-bangalore/order,La Heaven,4.3,100,"Bakery, Desserts"
247,https://www.zomato.com/bangalore/toscano-lavelle-road/order,Toscano,4,100,"Italian, Pizza, Salad, Continental, Seafood, Beverages, Desserts"
248,https://www.zomato.com/bangalore/leancrust-pizza-thincrust-experts-langford-town-bangalore/order,LeanCrust Pizza- ThinCrust Experts,4,100,"Pizza, Fast Food, Desserts, Beverages"
249,https://www.zomato.com/bangalore/juicy-airport-road/order,Juicy,4,100,"Beverages, Juices, Fast Food, Sandwich, Shake"
250,https://www.zomato.com/bangalore/lassi-corner-7-vijay-nagar-bangalore/order,Lassi Corner,3.4,100,"Beverages, Juices, Shake, Desserts, Ice Cream, Sandwich, Fast Food"
251,https://www.zomato.com/bangalore/auntie-fungs-indiranagar-bangalore/order,Auntie Fung's,4,100,"Asian, Thai, Vietnamese, Japanese, Indonesian, Chinese, Korean, Burmese"
252,https://www.zomato.com/bangalore/itc-master-chef-creations-koramangala-7th-block-bangalore/order,ITC Master Chef Creations,4.3,350,"North Indian, Biryani, Mughlai, Rolls, Kebab, Desserts, Modern Indian"
253,https://www.zomato.com/bangalore/the-thick-shake-factory-frazer-town-bangalore/order,The Thick Shake Factory,4.2,350,"Ice Cream, Shake, Desserts, Tea, Beverages"
254,https://www.zomato.com/bangalore/bhartiya-jalpan-commercial-street-bangalore/order,Bhartiya Jalpan,3.7,350,"North Indian, Street Food, Rajasthani, Bengali, Mithai, Beverages, Desserts"
255,https://www.zomato.com/bangalore/kolkata-famous-kati-roll-1-hbr-layout-bangalore/order,Kolkata Famous Kati Roll,3.9,350,Rolls
256,https://www.zomato.com/bangalore/rolls-n-snacks-vijay-nagar-bangalore/order,Rolls N Snacks,3.5,350,"Street Food, Fast Food, Sandwich, Burger, Pizza, Shake, Beverages"
257,https://www.zomato.com/bangalore/biryani-pot-btm/order,Biryani Pot,3.9,350,"Biryani, North Indian, Chinese, Hyderabadi, Andhra, Wraps, Sichuan"
258,https://www.zomato.com/bangalore/hyderabadi-biryani-hub-btm/order,Hyderabadi Biryani Hub,3.8,350,"Biryani, North Indian, Chinese, Mughlai, Beverages, Desserts"
259,https://www.zomato.com/bangalore/magnolia-bakery-indiranagar-bangalore/order,Magnolia Bakery,4.4,350,"Bakery, Desserts"
260,https://www.zomato.com/bangalore/pasta-street-cunningham-road/order,Pasta Street,4.3,350,"Pasta, Pizza, Italian, European, Salad, Desserts, Beverages"
261,https://www.zomato.com/bangalore/calcutta-victoria-chat-house-jeevan-bhima-nagar/order,Calcutta Victoria Chat House,3.6,350,"North Indian, Street Food, Desserts, Beverages"
262,https://www.zomato.com/bangalore/jose-mess-1-btm-bangalore/order,Jose Mess,4,350,"Kerala, South Indian, Biryani"
263,https://www.zomato.com/bangalore/shyamjis-chole-bhature-koramangala-5th-block-bangalore/order,Shyamji's Chole Bhature,3.9,350,"Street Food, North Indian"
264,https://www.zomato.com/bangalore/belgian-waffle-factory-indiranagar-bangalore/order,Belgian Waffle Factory,4.2,200,"Desserts, Waffle"
265,https://www.zomato.com/bangalore/kunafa-world-frazer-town-bangalore/order,Kunafa World,4.5,200,Desserts
266,https://www.zomato.com/bangalore/indiana-burgers-vasanth-nagar-bangalore/order,Indiana Burgers,3.9,200,"Burger, Rolls, Beverages, Desserts, Shake"
267,https://www.zomato.com/bangalore/donne-biryani-angadi-mane-sadashiv-nagar-bangalore/order,Donne Biryani Angadi Mane,3.7,200,"Biryani, South Indian"
268,https://www.zomato.com/bangalore/al-taza-koramangala-1st-block-bangalore/order,Al Taza,4.2,200,Lebanese
269,https://www.zomato.com/bangalore/melting-cheese-basavanagudi-bangalore/order,Melting Cheese,3.6,200,"Pizza, Sandwich, Fast Food, Street Food"
270,https://www.zomato.com/bangalore/sree-udupi-grand-majestic-bangalore/order,Sree Udupi Grand,4,200,"South Indian, North Indian, Chinese, Beverages, Shake"
271,https://www.zomato.com/bangalore/chopstick-rt-nagar-bangalore/order,Chopstick,4,200,"Chinese, Desserts, Seafood, Burger, Sichuan"
272,https://www.zomato.com/bangalore/mumbai-xpress-koramangala-5th-block-bangalore/order,Mumbai Xpress,3.7,200,"Fast Food, North Indian, Street Food, Beverages, Chinese, Shake, Sichuan"
273,https://www.zomato.com/bangalore/khan-saheb-grills-and-rolls-commercial-street-bangalore/order,Khan Saheb Grills And Rolls,3.5,200,"North Indian, Rolls, Kebab, Mughlai, Biryani, Beverages"
274,https://www.zomato.com/bangalore/ghee-and-turmeric-cunningham-road-bangalore/order,Ghee And Turmeric,4.2,200,North Indian
275,https://www.zomato.com/bangalore/cafe-grill-jeevan-bhima-nagar/order,Cafe Grill,4.1,200,"Chinese, North Indian, Rolls"
276,https://www.zomato.com/bangalore/hamza-hotel-shivajinagar-bangalore/order,Hamza Hotel,4.2,150,"North Indian, Chinese, Mughlai, Biryani, Rolls"
277,https://www.zomato.com/bangalore/rajasthani-taj-restaurant-btm-bangalore/order,Rajasthani Taj Restaurant,3,150,"North Indian, Chinese, Street Food, Rajasthani"
278,https://www.zomato.com/bangalore/sreenivasa-brahmins-bakery-1-basavanagudi-bangalore/order,Sreenivasa Brahmins Bakery,4.5,150,"Bakery, Desserts, Fast Food"
279,https://www.zomato.com/bangalore/kullad-cafe-btm/order,Kullad Cafe,3.8,150,"North Indian, Fast Food, Street Food, Shake, Beverages"
280,https://www.zomato.com/bangalore/olio-the-wood-fired-pizzeria-koramangala-6th-block-bangalore/order,Olio - The Wood Fired Pizzeria,3.6,150,"Pizza, Italian"
281,https://www.zomato.com/bangalore/daily-sushi-church-street-bangalore/order,Daily Sushi,4.1,150,"Japanese, Korean, Sushi, Asian"
282,https://www.zomato.com/bangalore/bombay-bitess-rajajinagar-bangalore/order,Bombay Bitess,3.6,150,"North Indian, Sandwich, Chinese, Street Food, Fast Food, Desserts, Shake, Juices"
283,https://www.zomato.com/bangalore/lulu-hypermarket-rajajinagar-bangalore/order,Lulu Hypermarket,3.8,150,"Arabian, North Indian, South Indian, Salad, Fast Food, Bakery"
284,https://www.zomato.com/bangalore/rolls-kitchen-langford-town-bangalore/order,Rolls Kitchen,4.2,150,"Rolls, Fast Food, Beverages"
285,https://www.zomato.com/bangalore/shawarma-time-1-rt-nagar-bangalore/order,Shawarma Time,3.8,150,"Lebanese, Rolls, Fast Food"
286,https://www.zomato.com/bangalore/friendly-neighbourhood-pizza-man-basavanagudi-bangalore/order,Friendly Neighbourhood Pizza - Man,4.3,150,"Pizza, Italian, Ice Cream, Shake"
287,https://www.zomato.com/bangalore/fb-café-by-frozen-bottle-shivajinagar-bangalore/order,FB Café By Frozen Bottle,3.7,150,Bakery
288,https://www.zomato.com/bangalore/firangi-bake-1-shanti-nagar-bangalore/order,Firangi Bake,3.9,300,"Italian, Mexican"
289,https://www.zomato.com/bangalore/pure-veg-meals-by-lunchbox-shanti-nagar-bangalore/order,Pure Veg Meals By LunchBox,3.7,300,North Indian
290,https://www.zomato.com/bangalore/vishnu-garden-rt-nagar/order,Vishnu Garden,4.2,300,"South Indian, North Indian, Chinese, Fast Food, Street Food, Ice Cream, Beverages, Shake"
291,https://www.zomato.com/bangalore/by-2-coffee-1-basavanagudi/order,By 2 Coffee,4.2,300,South Indian
292,https://www.zomato.com/bangalore/dum-safar-biryani-rajajinagar-bangalore/order,Dum Safar Biryani,4.1,300,"Biryani, Kebab, North Indian, BBQ, Desserts, Beverages"
293,https://www.zomato.com/bangalore/slay-coffee-basavanagudi-bangalore/order,SLAY Coffee,4.1,300,"Desserts, Coffee, Beverages, Pancake, Vietnamese, Cafe, Rolls, Wraps"
294,https://www.zomato.com/bangalore/sri-vishnu-park-btm/order,Sri Vishnu Park,4,300,"South Indian, North Indian, Chinese, Biryani, Beverages, Desserts"
295,https://www.zomato.com/bangalore/brew-cafe-2-btm-bangalore/order,Brew Cafe,4,300,"Fast Food, Momos, Street Food, Ice Cream, Beverages"
296,https://www.zomato.com/bangalore/shawarma-21-rajajinagar-bangalore/order,Shawarma 21,3.9,300,"Lebanese, Fast Food"
297,https://www.zomato.com/bangalore/main-lassi-shop-shivajinagar-bangalore/order,Main Lassi Shop,3.8,300,"Beverages, Ice Cream, Juices, Fast Food, Street Food, Sandwich, Shake"
298,https://www.zomato.com/bangalore/brik-oven-church-street/order,Brik Oven,4.3,300,"Cafe, Italian, Fast Food, Desserts, Beverages, Shake"
299,https://www.zomato.com/bangalore/noto-healthy-ice-cream-brigade-road-bangalore/order,NOTO - Healthy Ice Cream,3.8,300,"Ice Cream, Mithai, Desserts"
300,https://www.zomato.com/bangalore/kolkata-famous-kati-roll-basaveshwara-nagar-bangalore/order,Kolkata Famous Kati Roll,4.1,100,Rolls
301,https://www.zomato.com/bangalore/raidan-restaurant-rt-nagar-bangalore/order,Raidan Restaurant,3.9,100,"North Indian, Arabian, Chinese, Lebanese, Sichuan"
302,https://www.zomato.com/bangalore/habibi-falafel-indiranagar-bangalore/order,Habibi Falafel,4.2,100,"Middle Eastern, Fast Food, Bakery, Beverages"
303,https://www.zomato.com/bangalore/the-ganache-factory-residency-road-bangalore/order,The Ganache Factory,4.1,100,"Desserts, Bakery"
304,https://www.zomato.com/bangalore/new-shanthi-sagar-basavanagudi/order,New Shanthi Sagar,3.9,100,"South Indian, North Indian, Chinese, Fast Food, Street Food, Beverages"
305,https://www.zomato.com/bangalore/shanthi-sagar-jp-nagar/order,Shanthi Sagar,3.7,100,"South Indian, North Indian, Chinese, Desserts, Beverages, Shake"
306,https://www.zomato.com/bangalore/san-tung-chinese-malleshwaram-bangalore/order,San Tung Chinese,3.9,100,"Chinese, Momos, Sichuan"
307,https://www.zomato.com/bangalore/anu-momos-chinese-kitchen-1-kammanahalli/order,Anu Momos Chinese Kitchen,3.7,100,"Chinese, Thai, Sichuan, Seafood, Momos"
308,https://www.zomato.com/bangalore/beyond-the-crust-btc-btm-bangalore/order,Beyond The Crust - BTC,4,100,"Pizza, Fast Food, Desserts"
309,https://www.zomato.com/bangalore/shawarma-grill-house-rajajinagar-bangalore/order,Shawarma Grill House,4,100,"Chinese, Biryani, Mughlai, North Indian, Shake, Sichuan"
310,https://www.zomato.com/bangalore/gowdas-biriyani-corner-vijay-nagar-bangalore/order,Gowda's Biriyani Corner,3.7,100,"South Indian, Biryani, North Indian"
311,https://www.zomato.com/bangalore/samosa-singh-basaveshwara-nagar-bangalore/order,Samosa Singh,3.6,100,"Street Food, Fast Food, Tea, North Indian"
312,https://www.zomato.com/bangalore/hotel-fanoos-richmond-road-bangalore/order,Hotel Fanoos,4,100,"Rolls, Biryani, Fast Food, Arabian"
313,https://www.zomato.com/bangalore/home-plate-by-eatfit-cunningham-road-bangalore/order,Home Plate by EatFit,3.6,100,"North Indian, Beverages"
314,https://www.zomato.com/bangalore/lo-low-carb-and-keto-foods-domlur-bangalore/order,Lo! - Low Carb And Keto Foods,4,100,"Healthy Food, North Indian, Sandwich, Fast Food, Desserts"
315,https://www.zomato.com/bangalore/empire-juices-and-desserts-shivajinagar-bangalore/order,Empire Juices and Desserts,3,100,"Juices, Beverages, Shake, Ice Cream"
316,https://www.zomato.com/bangalore/kabab-biryani-corner-richmond-road-bangalore/order,Kabab Biryani Corner,3.5,100,"Chinese, South Indian, Biryani, North Indian, Mughlai, Shawarma"
317,https://www.zomato.com/bangalore/vaibhav-biryani-rajajinagar-bangalore/order,Vaibhav Biryani,4.3,100,Biryani
318,https://www.zomato.com/bangalore/swiss-cream-shanti-nagar-bangalore/order,Swiss Cream,3.9,100,"Ice Cream, Waffle, Desserts, Sandwich, Shake, Beverages"
319,https://www.zomato.com/bangalore/hotel-n-g-t-non-veg-vijay-nagar-bangalore/order,Hotel N.G.T Non Veg,4,100,"Biryani, South Indian, Chinese"
320,https://www.zomato.com/bangalore/gokul-veg-basavanagudi/order,Gokul Veg,4,100,"North Indian, Chinese, Beverages, Desserts"
321,https://www.zomato.com/bangalore/sweet-chariot-cafe-residency-road/order,Sweet Chariot Cafe,4.2,100,"Bakery, Desserts, Fast Food"
322,https://www.zomato.com/bangalore/keventers-ice-cream-brigade-road-bangalore/order,Keventers Ice Cream,4.3,100,"Ice Cream, Desserts, Shake, Beverages"
323,https://www.zomato.com/bangalore/priyadarshini-veg-yeshwantpur-bangalore/order,Priyadarshini Veg,4.2,100,"North Indian, South Indian, Chinese, Street Food, Shake, Beverages"
324,https://www.zomato.com/bangalore/abs-absolute-barbecues-koramangala-5th-block-bangalore/order,AB's - Absolute Barbecues,3.5,600,"BBQ, North Indian, Continental, Oriental, Seafood, Fast Food, Desserts"
325,https://www.zomato.com/bangalore/donne-biriyanis-junction-kammanahalli-bangalore/order,Donne Biriyanis Junction,3.4,600,"Biryani, South Indian"
326,https://www.zomato.com/bangalore/the-taj-hotel-1-city-market-bangalore/order,The Taj Hotel,3.7,600,"North Indian, Chinese, Mughlai, Fast Food, Lebanese, Seafood, Rolls"
327,https://www.zomato.com/bangalore/le-arabia-restaurant-vijay-nagar-bangalore/order,Le Arabia Restaurant,3.5,600,"Arabian, Biryani, North Indian, Chinese, Fast Food, Sichuan"
328,https://www.zomato.com/bangalore/burger-elite-rajajinagar-bangalore/order,Burger Elite,4.1,600,"Burger, Fast Food"
329,https://www.zomato.com/bangalore/zaatar-old-madras-road-bangalore/order,Zaatar,3.9,600,"BBQ, Arabian, Biryani, Chinese, North Indian, Mughlai, Desserts, Beverages"
330,https://www.zomato.com/bangalore/chichabas-taj-frazer-town/order,Chichaba's Taj,4,600,"North Indian, Mughlai, Biryani, Kebab, Seafood, Beverages"
331,https://www.zomato.com/bangalore/kc-das-st-marks-road-bangalore/order,KC Das,4.2,600,"Mithai, Street Food, Mishti, Bengali"
332,https://www.zomato.com/bangalore/bombay-kulfi-shanti-nagar-bangalore/order,Bombay Kulfi,4.3,600,"Ice Cream, Desserts"
333,https://www.zomato.com/bangalore/snack-house-seshadripuram-bangalore/order,Snack House,3.8,600,"Fast Food, Momos"
334,https://www.zomato.com/bangalore/le-arabia-basaveshwara-nagar-bangalore/order,Le Arabia,3.8,600,"North Indian, Mughlai, Chinese, Arabian, Biryani, Beverages, Desserts, Sichuan"
335,https://www.zomato.com/bangalore/nammura-upachara-basaveshwara-nagar/order,Nammura Upachara,4.1,600,"South Indian, North Indian, Street Food, Chinese"
336,https://www.zomato.com/bangalore/uncle-toms-cafe-basaveshwara-nagar-bangalore/order,Uncle Tom's Cafe,3.6,200,North Indian
337,https://www.zomato.com/bangalore/adigas-majestic-bangalore/order,Adiga's,3.6,200,"South Indian, North Indian, Chinese, Street Food, Desserts, Ice Cream, Beverages"
338,https://www.zomato.com/bangalore/basaveshwarnagar-dosa-corner-basaveshwara-nagar/order,Basaveshwarnagar Dosa Corner,4.2,200,South Indian
339,https://www.zomato.com/bangalore/sweet-moments-1-kammanahalli-bangalore/order,Sweet Moments,4.3,200,"Mithai, Street Food, Ice Cream, Beverages"
340,https://www.zomato.com/bangalore/mr-shawarma-miss-grills-btm-bangalore/order,Mr. Shawarma & Miss. Grill's,4.2,200,Lebanese
341,https://www.zomato.com/bangalore/udupi-aatithya-basavanagudi-bangalore/order,Udupi Aatithya,4.1,200,"South Indian, North Indian, Chinese, Street Food, Fast Food, Beverages, Desserts"
342,https://www.zomato.com/bangalore/nandos-brigade-road-bangalore/order,Nando's,New,200,"Burger, Fast Food, Portuguese"
343,https://www.zomato.com/bangalore/simplee-shawarma-btm-bangalore/order,Simplee Shawarma,4,200,"Lebanese, Fast Food"
344,https://www.zomato.com/bangalore/kwality-walls-frozen-dessert-and-ice-cream-shop-nagawara-bangalore/order,Kwality Wall’s Frozen Dessert and Ice Cream Shop,4.5,200,"Ice Cream, Desserts"
345,https://www.zomato.com/bangalore/maharaja-military-canteen-cunningham-road-bangalore/order,Maharaja Military Canteen,3.5,200,South Indian
346,https://www.zomato.com/bangalore/chicken-county-deluxe-restaurant-majestic-bangalore/order,Chicken County Deluxe Restaurant,4.2,200,"North Indian, Chinese, Mughlai, Seafood, Fast Food, Biryani, Beverages"
347,https://www.zomato.com/bangalore/king-punjabi-restaurant-btm/order,King Punjabi Restaurant,3.9,200,"North Indian, Chinese, Sichuan"
348,https://www.zomato.com/bangalore/arogya-ahaara-jp-nagar-bangalore/order,Arogya Ahaara,4,50,South Indian
349,https://www.zomato.com/bangalore/udupi-kitchen-vijay-nagar/order,Udupi Kitchen,3.8,50,"South Indian, Chinese, Street Food, Desserts, Beverages, Shake, Sichuan"
350,https://www.zomato.com/bangalore/kanti-bakes-flakes-rt-nagar-bangalore/order,Kanti Bakes & Flakes,4.2,50,"Bakery, Desserts, Mithai"
351,https://www.zomato.com/bangalore/casino-restaurant-new-bel-road-bangalore/order,Casino Restaurant,3.8,50,"North Indian, Chinese, Beverages"
352,https://www.zomato.com/bangalore/boss-burger-lavelle-road-bangalore/order,Boss Burger,4.1,50,"Burger, Fast Food, Desserts, Beverages, Shake"
353,https://www.zomato.com/bangalore/india-sweet-house-frazer-town-bangalore/order,India Sweet House,4.3,50,"Mithai, Street Food"
354,https://www.zomato.com/bangalore/nagarjuna-chimney-jayanagar/order,Nagarjuna Chimney,4.2,50,"Andhra, Biryani, North Indian, Beverages"
355,https://www.zomato.com/bangalore/udupi-shanthi-sagar-frazer-town-bangalore/order,Udupi Shanthi Sagar,4,50,"North Indian, South Indian, Chinese, Street Food, Beverages"
356,https://www.zomato.com/bangalore/singh-da-punjabi-dhaba-koramangala-7th-block-bangalore/order,Singh Da Punjabi Dhaba,3.5,50,"North Indian, Biryani"
357,https://www.zomato.com/bangalore/al-wahab-tandoori-restaurant-hbr-layout-bangalore/order,Al-Wahab Tandoori Restaurant,4.1,50,"North Indian, Chinese, Arabian, Biryani, Rolls, Sichuan"
358,https://www.zomato.com/bangalore/le-arabia-koramangala-5th-block-bangalore/order,Le Arabia,3.3,50,"Arabian, North Indian, Chinese, Fast Food, Beverages, Desserts"
359,https://www.zomato.com/bangalore/cool-town-richmond-road-bangalore/order,Cool Town,4.3,50,"Ice Cream, Desserts, Beverages, Street Food, Juices"
360,https://www.zomato.com/bangalore/punjabi-unplugged-koramangala-7th-block-bangalore/order,Punjabi Unplugged,3.5,150,"North Indian, Chinese, Kebab, Biryani, Mughlai"
361,https://www.zomato.com/bangalore/tibetan-mothers-kitchen-koramangala-7th-block/order,Tibetan Mother's Kitchen,4,150,"Tibetan, Chinese, Asian, Momos, Sichuan"
362,https://www.zomato.com/bangalore/louis-burger-indiranagar-bangalore/order,Louis Burger,4,150,"Burger, Fast Food"
363,https://www.zomato.com/bangalore/aligarh-house-by-eatfit-cunningham-road-bangalore/order,Aligarh House by EatFit,3.9,150,"Biryani, North Indian, Kebab, Desserts, Beverages"
364,https://www.zomato.com/bangalore/mangalore-kitchen-1-jeevan-bhima-nagar-bangalore/order,Mangalore Kitchen,3.7,150,"Street Food, Chinese"
365,https://www.zomato.com/bangalore/motis-kitchen-thippasandra/order,Motis Kitchen,4.2,150,"South Indian, Kerala, Chinese, Seafood, Chettinad"
366,https://www.zomato.com/bangalore/delhi-restaurant-chaat-rt-nagar-bangalore/order,Delhi Restaurant & Chaat,3.7,150,"North Indian, Chinese, Sichuan"
367,https://www.zomato.com/bangalore/kabab-manor-rt-nagar/order,Kabab Manor,4,150,"North Indian, Biryani, Fast Food, Chinese, Beverages"
368,https://www.zomato.com/bangalore/rollsking-btm-bangalore/order,RollsKing,3.5,150,"Rolls, Fast Food, North Indian"
369,https://www.zomato.com/bangalore/akram-hotel-kumaraswamy-layout-bangalore/order,Akram Hotel,3.3,150,"South Indian, Biryani, Mughlai"
370,https://www.zomato.com/bangalore/al-pizzalicious-ulsoor-bangalore/order,Al - Pizzalicious,3.8,150,"Fast Food, Pizza, Burger, Sandwich"
371,https://www.zomato.com/bangalore/rs-shiv-sagar-mg-road/order,RS Shiv Sagar,3.7,150,"North Indian, South Indian, Asian, Continental, Chinese, Beverages, Desserts"
372,https://www.zomato.com/bangalore/dawat-durbar-shivajinagar-bangalore/order,Dawat Durbar,3.8,150,"Mughlai, North Indian"
373,https://www.zomato.com/bangalore/hungry-bird-btm-bangalore/order,Hungry Bird,3.9,150,"Biryani, North Indian, Chinese, Rolls, Fast Food, Sichuan"
374,https://www.zomato.com/bangalore/tibbs-frankie-serving-rolls-since-1969-shivajinagar-bangalore/order,Tibb's Frankie - Serving Rolls Since 1969,4.1,150,Rolls
375,https://www.zomato.com/bangalore/new-udupi-upahar-1-jayanagar-bangalore/order,New Udupi Upahar,3.9,150,"South Indian, North Indian, Chinese, Street Food, Beverages, Shake"
376,https://www.zomato.com/bangalore/mainland-china-koramangala-7th-block-bangalore/order,Mainland China,3.7,150,"Chinese, Momos, Thai, Asian, Seafood, Sushi, Beverages"
377,https://www.zomato.com/bangalore/kulfi-shulfi-kulfis-and-ice-cream-wilson-garden-bangalore/order,Kulfi Shulfi- Kulfis and Ice Cream,4.3,150,"Ice Cream, Desserts"
378,https://www.zomato.com/bangalore/kachori-chowk-rt-nagar-bangalore/order,Kachori Chowk,4,150,"North Indian, Street Food"
379,https://www.zomato.com/bangalore/mad-over-donuts-brigade-road/order,Mad Over Donuts,4,150,"Desserts, Waffle, Beverages"
380,https://www.zomato.com/bangalore/taste-of-tibet-brigade-road/order,Taste Of Tibet,4,150,"Chinese, Street Food, Momos, Sichuan"
381,https://www.zomato.com/bangalore/tks-iyengars-1-basaveshwara-nagar-bangalore/order,TKS Iyengars,4.2,150,South Indian
382,https://www.zomato.com/bangalore/bangarpete-chats-basaveshwara-nagar-bangalore/order,Bangarpete Chats,3.6,150,Street Food
383,https://www.zomato.com/bangalore/just-cakes-1-btm-bangalore/order,Just Cakes,3.9,150,"Bakery, Desserts"
384,https://www.zomato.com/bangalore/the-red-box-indiranagar-bangalore/order,The Red Box,3.7,200,"Chinese, Thai, Sichuan"
385,https://www.zomato.com/bangalore/g-s-chinese-dragon-1-seshadripuram-bangalore/order,G 's Chinese Dragon,3.4,200,"Chinese, Momos"
386,https://www.zomato.com/bangalore/eat-n-drink-btm/order,Eat N Drink,4.1,200,"Fast Food, Sandwich, Burger, Wraps, Rolls, Shake, Juices, Beverages"
387,https://www.zomato.com/bangalore/the-tasty-planet-richmond-road-bangalore/order,The Tasty Planet,4,200,"Fast Food, Salad, Sandwich, Street Food, Beverages, Juices, Shake"
388,https://www.zomato.com/bangalore/rolls-bowls-company-hosur-road-bangalore/order,Rolls & Bowls Company,3.4,200,"Rolls, North Indian, Chinese, Fast Food, Sichuan"
389,https://www.zomato.com/bangalore/shuchi-ruchi-malleshwaram/order,Shuchi Ruchi,4,200,"Chinese, North Indian, South Indian, Street Food, Fast Food"
390,https://www.zomato.com/bangalore/kekou-hbr-layout-bangalore/order,Kekou,3.9,200,"Chinese, Sichuan"
391,https://www.zomato.com/bangalore/puneri-katta-btm-bangalore/order,Puneri Katta,4.2,200,"Maharashtrian, Street Food"
392,https://www.zomato.com/bangalore/big-bang-pizza-3-frazer-town-bangalore/order,Big Bang Pizza,3.8,200,"Pizza, Fast Food, Burger, Pasta, Beverages"
393,https://www.zomato.com/bangalore/burger-seigneur-st-marks-road-bangalore/order,Burger Seigneur,4.2,200,"Cafe, Burger, Continental, Beverages, Desserts"
394,https://www.zomato.com/bangalore/slv-corner-restaurant-basavanagudi/order,SLV Corner Restaurant,4.3,200,"South Indian, North Indian, Street Food, Chinese, Beverages, Desserts"
395,https://www.zomato.com/bangalore/steves-fast-food-airport-road-bangalore/order,Steve's Fast Food,4.1,200,"Chinese, Momos, Seafood"
396,https://www.zomato.com/bangalore/eliza-momos-hbr-layout-bangalore/order,Eliza Momos,3.8,150,"Chinese, Momos, Sichuan"
397,https://www.zomato.com/bangalore/twiststick-house-basavanagudi-bangalore/order,Twiststick House,4,150,"Chinese, Fast Food, Beverages"
398,https://www.zomato.com/bangalore/roti-sabji-com-1-btm-bangalore/order,Roti Sabji.Com,3.4,150,"North Indian, Beverages, Rajasthani, Shake"
399,https://www.zomato.com/bangalore/bangarpet-chats-btm-bangalore/order,Bangarpet Chats,4.2,150,Street Food
400,https://www.zomato.com/bangalore/bansuri-sweets-vijay-nagar/order,Bansuri Sweets,3.8,150,"Mithai, North Indian, Street Food, Sandwich, Chinese"
401,https://www.zomato.com/bangalore/hotel-aasare-yeshwantpur-bangalore/order,Hotel Aasare,4.3,150,"Chettinad, Kerala, Seafood"
402,https://www.zomato.com/bangalore/malabar-paragon-restaurant-btm-bangalore/order,Malabar Paragon Restaurant,3.4,150,"North Indian, South Indian, Chinese, Fast Food, Biryani, Seafood, Mughlai, Beverages"
403,https://www.zomato.com/bangalore/burger-it-up-vasanth-nagar-bangalore/order,Burger It Up,3.9,150,"Burger, North Indian, Chinese, Desserts, Beverages"
404,https://www.zomato.com/bangalore/momo-monk-seshadripuram-bangalore/order,Momo Monk,4.3,150,"Momos, Desserts, Beverages"
405,https://www.zomato.com/bangalore/umpire-chicken-county-richmond-road-bangalore/order,Umpire Chicken County,3.5,150,"Rolls, Chinese, North Indian, Biryani"
406,https://www.zomato.com/bangalore/milano-ice-cream-indiranagar/order,Milano Ice Cream,4.4,150,"Ice Cream, Desserts, Beverages, Shake"
407,https://www.zomato.com/bangalore/udupi-upachar-banashankari-bangalore/order,Udupi Upachar,3.9,150,"South Indian, North Indian, Chinese, Street Food, Sandwich, Shake, Beverages, Ice Cream"
408,https://www.zomato.com/bangalore/click-orders-koramangala-2nd-block-bangalore/order,Click & Orders,3.9,300,"North Indian, Chinese, Fast Food"
409,https://www.zomato.com/bangalore/simply-chats-basaveshwara-nagar-bangalore/order,Simply Chats,3.7,300,"Street Food, Sandwich, Ice Cream, Beverages"
410,https://www.zomato.com/bangalore/tenzin-kitchen-koramangala-7th-block/order,Tenzin Kitchen,4.1,300,"Tibetan, Chinese, Sichuan"
411,https://www.zomato.com/bangalore/shiv-sagar-1-banaswadi-bangalore/order,Shiv Sagar,3.9,300,"South Indian, North Indian, Oriental, Street Food, Desserts, Beverages, Shake"
412,https://www.zomato.com/bangalore/rang-de-basanti-dhaba-domlur-bangalore/order,Rang De Basanti Dhaba,3.7,300,"North Indian, Seafood, Mughlai, Desserts"
413,https://www.zomato.com/bangalore/iyengars-bakery-vijay-nagar-bangalore/order,Iyengars Bakery,4.1,300,"Bakery, Desserts, Mithai, Fast Food"
414,https://www.zomato.com/bangalore/the-brooklyn-creamery-healthy-ice-cream-langford-town-bangalore/order,The Brooklyn Creamery - Healthy Ice Cream,4.1,300,"Ice Cream, Desserts"
415,https://www.zomato.com/bangalore/the-pastry-house-wilson-garden-bangalore/order,The Pastry House,4.1,300,Bakery
416,https://www.zomato.com/bangalore/lassi-shop-banashankari-bangalore/order,Lassi Shop,4,300,"Beverages, Ice Cream, Desserts, Shake, Juices"
417,https://www.zomato.com/bangalore/savjis-roll-n-biryani-vijay-nagar/order,Savji's Roll 'N' Biryani,4,300,"North Indian, Chinese, South Indian, Rolls, Biryani, Sandwich, Burger, Fast Food"
418,https://www.zomato.com/bangalore/lassi-shop-2-rt-nagar-bangalore/order,Lassi Shop,3.9,300,"Beverages, Juices, Desserts, Ice Cream"
419,https://www.zomato.com/bangalore/new-agarwal-bhavan-sanjay-nagar-bangalore/order,New Agarwal Bhavan,4.2,300,"Mithai, Street Food"
420,https://www.zomato.com/bangalore/richie-rich-race-course-road-bangalore/order,Richie Rich,4.2,300,"Desserts, Beverages, Fast Food, Ice Cream, Shake"
421,https://www.zomato.com/bangalore/amul-ice-cream-parlour-btm-bangalore/order,Amul Ice Cream Parlour,4.5,300,"Ice Cream, Desserts, Beverages, Shake"
422,https://www.zomato.com/bangalore/the-tea-brewery-2-koramangala-1st-block-bangalore/order,The Tea Brewery,4.3,300,"Tea, Fast Food, Beverages"
423,https://www.zomato.com/bangalore/no-sugar-please-hosur-road-bangalore/order,No Sugar Please!,4.4,300,"Beverages, Juices, Healthy Food"
424,https://www.zomato.com/bangalore/mini-samrat-chalukya-vasanth-nagar-bangalore/order,Mini Samrat Chalukya,4,300,"South Indian, North Indian, Chinese"
425,https://www.zomato.com/ChurchStreetSocial/order,Church Street Social,4,300,"North Indian, Chinese, Biryani, Burger, Pasta, Pizza, Kebab, Rolls"
426,https://www.zomato.com/bangalore/nisarga-garden-1-basavanagudi-bangalore/order,Nisarga Garden,4,300,"South Indian, Chinese, North Indian, Biryani, Desserts, Ice Cream, Juices, Beverages"
427,https://www.zomato.com/bangalore/just-bake-cakes-confectioners-btm-bangalore/order,Just Bake - Cakes & Confectioners,3.5,300,"Bakery, Desserts"
428,https://www.zomato.com/bangalore/sukh-sagar-majestic/order,Sukh Sagar,4.1,300,"Chinese, Street Food, Fast Food, Desserts, Beverages, Shake, Sichuan"
429,https://www.zomato.com/bangalore/l-j-iyengars-bakery-basavanagudi-bangalore/order,L. J. Iyengar's Bakery,3.8,300,"Bakery, Desserts"
430,https://www.zomato.com/bangalore/shrinidhi-military-hotel-basavanagudi/order,Shrinidhi Military Hotel,3.7,300,"South Indian, Biryani"
431,https://www.zomato.com/bangalore/itc-sunfeast-baked-creations-koramangala-7th-block-bangalore/order,ITC Sunfeast Baked Creations,4.3,300,"Bakery, Desserts, , Cafe, Continental, Sandwich"
432,https://www.zomato.com/bangalore/bigbites-seshadripuram-bangalore/order,BigBites,4,250,"Fast Food, Momos, Street Food"
433,https://www.zomato.com/bangalore/say-cheese-cake-koramangala-6th-block-bangalore/order,Say Cheese Cake,4.1,250,"Bakery, Desserts, Shake"
434,https://www.zomato.com/bangalore/mad-on-momos-banashankari-bangalore/order,Mad On Momos,4.2,250,Momos
435,https://www.zomato.com/bangalore/marwadi-chaat-tiffin-services-shanti-nagar-bangalore/order,Marwadi Chaat & Tiffin Services,3.7,250,"North Indian, Street Food, Chinese, Beverages"
436,https://www.zomato.com/bangalore/the-sip-shop-city-market-bangalore/order,The Sip Shop,3.9,250,"Fast Food, Ice Cream, Desserts, Beverages, Shake"
437,https://www.zomato.com/bangalore/dragons-kitchen-jayanagar-bangalore/order,Dragon's Kitchen,3.8,250,"Chinese, Sichuan"
438,https://www.zomato.com/bangalore/lavonne-st-marks-road-bangalore/order,Lavonne,4.3,250,"Cafe, Fast Food, Bakery, Beverages, Desserts"
439,https://www.zomato.com/bangalore/al-zara-mandi-arabian-restaurant-frazer-town-bangalore/order,Al Zara Mandi Arabian Restaurant,4,250,"Arabian, North Indian, Mughlai"
440,https://www.zomato.com/bangalore/carols-pastries-bakers-vasanth-nagar-bangalore/order,Carols Pastries & Bakers,4.1,250,"Bakery, Desserts"
441,https://www.zomato.com/bangalore/uttara-karnatakada-gama-gama-basavanagudi-bangalore/order,Uttara Karnatakada Gama Gama,4.1,250,South Indian
442,https://www.zomato.com/bangalore/orange-bake-and-juice-btm-bangalore/order,Orange Bake And Juice,4.2,250,"Bakery, Desserts"
443,https://www.zomato.com/bangalore/burnout-cafe-infantry-road-bangalore/order,Burnout Cafe,3,250,"Cafe, Beverages, Continental, Italian, Chinese, Fast Food, Asian, Desserts"
444,https://www.zomato.com/bangalore/itminaan-matka-biryani-slow-cooked-shanti-nagar-bangalore/order,Itminaan Matka Biryani - Slow Cooked,4,350,"Biryani, North Indian, Mughlai, Desserts, Beverages"
445,https://www.zomato.com/bangalore/green-pepper-jeevan-bhima-nagar/order,Green Pepper,3.9,350,"Kerala, Biryani, North Indian, South Indian, Seafood, Chinese, Sichuan"
446,https://www.zomato.com/bangalore/spicy-corner-jeevan-bhima-nagar/order,Spicy Corner,4.1,350,Chinese
447,https://www.zomato.com/bangalore/smoky-docky-sanjay-nagar-bangalore/order,Smoky Docky,4.1,350,"Shawarma, Fast Food, Lebanese, Desserts, Beverages"
448,https://www.zomato.com/bangalore/udupi-food-point-banaswadi-bangalore/order,Udupi Food Point,3.9,350,"South Indian, Chinese"
449,https://www.zomato.com/bangalore/mallu-family-restaurant-btm-bangalore/order,Mallu Family Restaurant,3.7,350,"Arabian, Biryani, Chinese, South Indian, Beverages, Shake"
450,https://www.zomato.com/bangalore/starboy-pizza-shakes-koramangala-7th-block-bangalore/order,Starboy Pizza & Shakes,3.5,350,"Pizza, Italian, Desserts, Beverages"
451,https://www.zomato.com/bangalore/vinnys-banashankari/order,Vinny's,4,350,"Cafe, Italian, Continental, Pizza, Beverages, Desserts"
452,https://www.zomato.com/bangalore/gullus-chat-seshadripuram/order,Gullu's Chat,3.9,350,"Fast Food, Street Food, Sandwich, Pizza, Desserts, Beverages"
453,https://www.zomato.com/bangalore/the-baklava-company-mg-road-bangalore/order,The Baklava Company,4,350,"Mithai, Desserts"
454,https://www.zomato.com/bangalore/kolkata-famous-kathi-roll-2-btm-bangalore/order,Kolkata Famous Kathi Roll,4.2,350,Rolls
455,https://www.zomato.com/bangalore/hotel-sanman-basavanagudi-bangalore/order,Hotel Sanman,4.3,350,South Indian
456,https://www.zomato.com/bangalore/tapri-by-the-corner-koramangala-5th-block/order,Tapri By The Corner,3.9,150,"North Indian, Chinese"
457,https://www.zomato.com/bangalore/lakeview-milkbar-mg-road/order,Lakeview Milkbar,3.9,150,"Desserts, Cafe, Fast Food, Sandwich, Burger, Ice Cream, Shake"
458,https://www.zomato.com/bangalore/c-k-mega-hot-food-btm/order,C. K. Mega Hot Food,4,150,"Chinese, Seafood, Sichuan"
459,https://www.zomato.com/bangalore/udupi-ahara-rajajinagar-bangalore/order,Udupi Ahara,4,150,"South Indian, North Indian, Chinese"
460,https://www.zomato.com/bangalore/punjabi-dhaba-majestic/order,Punjabi Dhaba,4.2,150,"North Indian, Chinese, Mughlai"
461,https://www.zomato.com/bangalore/karama-restaurant-frazer-town/order,Karama Restaurant,4,150,"Arabian, Mughlai, Seafood, North Indian, Kashmiri, Biryani, Desserts"
462,https://www.zomato.com/bangalore/hatti-kaapi-basavanagudi-bangalore/order,Hatti Kaapi,3.4,150,"Beverages, Fast Food, Coffee"
463,https://www.zomato.com/bangalore/taato-peero-momos-koramangala-2nd-block-bangalore/order,Taato Peero Momos,4.5,150,"Tibetan, Momos"
464,https://www.zomato.com/bangalore/chai-days-koramangala-5th-block-bangalore/order,Chai Days,4.3,150,"Beverages, Fast Food, Street Food, Tea"
465,https://www.zomato.com/bangalore/kartiks-mithai-shoppe-indiranagar/order,Kartik's Mithai Shoppe,4.5,150,"Mithai, Street Food"
466,https://www.zomato.com/bangalore/cheesecake-co-koramangala-8th-block-bangalore/order,Cheesecake & Co.,4.5,150,"Bakery, Desserts"
467,https://www.zomato.com/bangalore/juice-junction-snacks-jayanagar-bangalore/order,Juice Junction & Snacks,4.2,150,"Fast Food, Sandwich, Rolls, Beverages, Shake, Juices"
468,https://www.zomato.com/bangalore/gowdara-hatti-malleshwaram/order,Gowdara Hatti,4.1,100,"South Indian, Biryani"
469,https://www.zomato.com/bangalore/green-onion-residency-road/order,Green Onion,4.2,100,"Chinese, Seafood, Sichuan"
470,https://www.zomato.com/bangalore/veena-stores-malleshwaram/order,Veena Stores,4.4,100,South Indian
471,https://www.zomato.com/bangalore/sweet-bake-cake-and-desserts-3-koramangala-7th-block-bangalore/order,Sweet Bake - Cake And Desserts,New,100,"Bakery, Desserts"
472,https://www.zomato.com/bangalore/oh-my-shawarma-koramangala-6th-block-bangalore/order,Oh My Shawarma,4,100,Lebanese
473,https://www.zomato.com/bangalore/thalassery-cafe-1-kammanahalli-bangalore/order,Thalassery Cafe,3.5,100,"Fast Food, Street Food"
474,https://www.zomato.com/bangalore/ice-fort-basaveshwara-nagar/order,Ice Fort,4.5,100,"Ice Cream, Desserts, Beverages, Shake, Sandwich"
475,https://www.zomato.com/bangalore/karavali-family-restaurant-shanti-nagar-bangalore/order,Karavali Family Restaurant,-,100,"North Indian, Mughlai, Andhra, South Indian, Chinese, Fast Food, Seafood, Street Food"
476,https://www.zomato.com/bangalore/mane-holige-basaveshwara-nagar-bangalore/order,Mane Holige,4.4,100,Mithai
477,https://www.zomato.com/bangalore/you-mee-malleshwaram-bangalore/order,You Mee,4.1,100,"Japanese, Asian, Sushi"
478,https://www.zomato.com/bangalore/royal-treat-koramangala-5th-block/order,Royal Treat,4.2,100,"North Indian, Chinese, Biryani"
479,https://www.zomato.com/bangalore/burgers@79-btm-bangalore/order,Burgers@79,3.3,100,"Fast Food, Burger"
480,https://www.zomato.com/bangalore/vfc-food-palace-rt-nagar-bangalore/order,VFC Food Palace,4.2,150,"North Indian, Chinese, Lebanese, Biryani, Fast Food, Sichuan"
481,https://www.zomato.com/bangalore/malleshwaram-dosa-corner-malleshwaram-bangalore/order,Malleshwaram Dosa Corner,4.4,150,South Indian
482,https://www.zomato.com/bangalore/temperature-juice-bar-btm-bangalore/order,Temperature Juice Bar,4,150,"Beverages, Healthy Food, Shake, Street Food"
483,https://www.zomato.com/bangalore/malabar-bay-btm/order,Malabar Bay,3.5,150,"Kerala, Seafood, North Indian, Biryani, Chinese, Beverages, Shake, Desserts"
484,https://www.zomato.com/bangalore/bangalikhana-koramangala-7th-block-bangalore/order,Bangalikhana,4.1,150,"Bengali, Seafood"
485,https://www.zomato.com/bangalore/chamarajpet-dose-corner-city-market-bangalore/order,Chamarajpet Dose Corner,4.2,150,South Indian
486,https://www.zomato.com/bangalore/samovar-kammanahalli/order,Samovar,4,150,"Kerala, South Indian, Chinese"
487,https://www.zomato.com/bangalore/parkview-jp-nagar/order,Parkview,4.1,150,"South Indian, North Indian, Street Food, Chinese, Beverages, Shake, Desserts"
488,https://www.zomato.com/bangalore/big-chicken-kammanahalli/order,Big Chicken,4.2,150,"Burger, Sandwich, Rolls, Wraps, Beverages, Shake"
489,https://www.zomato.com/bangalore/egg-point-vijay-nagar-bangalore/order,Egg Point,4.3,150,Street Food
490,https://www.zomato.com/bangalore/savoury-sea-shell-restaurant-btm-bangalore/order,Savoury - Sea Shell Restaurant,4,150,"Arabian, North Indian, Chinese, Fast Food, Shake, Desserts"
491,https://www.zomato.com/bangalore/taj-hotel-shivajinagar/order,Taj Hotel,3.9,150,"Chinese, South Indian, North Indian, Mughlai"
492,https://www.zomato.com/bangalore/sheesh-kebab-frazer-town-bangalore/order,Sheesh Kebab,3.9,250,"Kebab, Iranian, Mughlai, Biryani, Rolls, Desserts"
493,https://www.zomato.com/bangalore/garden-fresh-btm/order,Garden Fresh,4.2,250,"Beverages, Juices, Healthy Food"
494,https://www.zomato.com/bangalore/nirulas-1-vasanth-nagar-bangalore/order,Nirula's,4,250,Ice Cream
495,https://www.zomato.com/bangalore/ghee-tadka-khichdi-seshadripuram-bangalore/order,Ghee Tadka Khichdi,4.3,250,North Indian
496,https://www.zomato.com/bangalore/7th-heaven-basaveshwara-nagar-bangalore/order,7th Heaven,3.5,250,"Bakery, Desserts"
497,https://www.zomato.com/bangalore/art-of-delight-residency-road/order,Art of Delight,4.2,250,"Ice Cream, Desserts, Waffle, Beverages"
498,https://www.zomato.com/bangalore/chaitra-restaurant-kalyan-nagar-bangalore/order,Chaitra Restaurant,3.7,250,"North Indian, Chinese, Andhra, Biryani, Seafood, Fast Food, South Indian"
499,https://www.zomato.com/bangalore/ande-ka-funda-1-jp-nagar-bangalore/order,Ande Ka Funda,4.3,250,"North Indian, Rolls"
500,https://www.zomato.com/bangalore/kunafa-world-sanjay-nagar-bangalore/order,Kunafa World,4.4,250,Desserts
501,https://www.zomato.com/bangalore/santhanam-sweets-savouries-commercial-street-bangalore/order,Santhanam Sweets & Savouries,4.4,250,"Mithai, Street Food"
502,https://www.zomato.com/bangalore/tiwaris-ghee-paratha-and-chaats-basavanagudi-bangalore/order,Tiwari's Ghee Paratha And Chaats,3.8,250,"North Indian, Rajasthani, Street Food"
503,https://www.zomato.com/bangalore/zwarma-ejipura-bangalore/order,Zwarma,3.5,250,"Shawarma, Fast Food, Beverages"
504,https://www.zomato.com/bangalore/thottathil-food-house-btm-bangalore/order,Thottathil Food House,3.7,100,"Kerala, South Indian, Biryani, Shake, Juices, Beverages"
505,https://www.zomato.com/bangalore/whhite-paani-food-chain-btm-bangalore/order,Whhite Paani Food Chain,4.4,100,"Street Food, Beverages"
506,https://www.zomato.com/bangalore/cupcake-noggins-by-cakezone-domlur-bangalore/order,CupCake Noggins By CakeZone,3,100,"Bakery, Desserts"
507,https://www.zomato.com/bangalore/sri-ganesh-juice-junction-koramangala-5th-block-bangalore/order,Sri Ganesh Juice Junction,3.8,100,"Beverages, Juices, Fast Food, Shake"
508,https://www.zomato.com/bangalore/no-10-fort-cochin-st-marks-road-bangalore/order,No.10 Fort Cochin,3.9,100,"Kerala, Seafood, Biryani, Chinese, Beverages, Desserts"
509,https://www.zomato.com/bangalore/tasty-restaurant-3-btm-bangalore/order,Tasty Restaurant,3.7,100,"Arabian, North Indian, Chinese, Biryani, Mughlai, Beverages, South Indian, Sichuan"
510,https://www.zomato.com/bangalore/slay-coffee-bar-st-marks-road-bangalore/order,Slay Coffee Bar,4.1,100,"Coffee, Sandwich"
511,https://www.zomato.com/bangalore/giani-ice-creams-koramangala-5th-block-bangalore/order,Giani Ice Creams,4,100,"Ice Cream, Shake, Beverages, Desserts"
512,https://www.zomato.com/bangalore/desi-chinese-kitchen-thippasandra-bangalore/order,Desi Chinese Kitchen,4.1,100,"Chinese, Asian, Sichuan"
513,https://www.zomato.com/bangalore/prezzed-juicery-airport-road-bangalore/order,Prezzed Juicery,4.5,100,"Healthy Food, Juices"
514,https://www.zomato.com/bangalore/al-bain-restaurant-kammanahalli-bangalore/order,AL Bain Restaurant,3.5,100,"North Indian, Arabian, Chinese, Lebanese, Desserts, Beverages"
515,https://www.zomato.com/bangalore/savitha-family-restaurant-koramangala-4th-block/order,Savitha Family Restaurant,3.8,100,"North Indian, Chinese, Seafood, Mughlai, Desserts, Beverages, Sichuan"
516,https://www.zomato.com/bangalore/shyamjis-chole-bhature-rajajinagar-bangalore/order,Shyamji's Chole Bhature,4.1,100,"North Indian, Street Food"
517,https://www.zomato.com/bangalore/pizza-o-clock-1-btm-bangalore/order,Pizza O' Clock,3.9,100,"Pizza, Fast Food"
518,https://www.zomato.com/bangalore/chef-master-jayanagar-bangalore/order,Chef Master,3.9,100,"Biryani, Seafood, Kerala, North Indian, South Indian, Chinese, Beverages"
519,https://www.zomato.com/bangalore/sri-krishna-sweets-malleshwaram/order,Sri Krishna Sweets,4.4,100,Mithai
520,https://www.zomato.com/bangalore/ambur-dum-biryani-indiranagar-bangalore/order,Ambur Dum Biryani,3.7,100,"Biryani, Beverages"
521,https://www.zomato.com/bangalore/cafe-azzure-mg-road/order,Cafe Azzure,3.9,100,"Cafe, Continental, Fast Food, Italian, Mexican, Beverages, Desserts"
522,https://www.zomato.com/bangalore/the-bangalore-creamery-indiranagar-bangalore/order,The Bangalore Creamery,4.1,100,"Ice Cream, Desserts, Beverages, Shake, Waffle"
523,https://www.zomato.com/bangalore/mane-holige-kuruku-thindi-jayanagar-bangalore/order,Mane Holige Kuruku Thindi,4.4,100,Mithai
524,https://www.zomato.com/bangalore/kolkata-famous-kati-rolls-city-market-bangalore/order,Kolkata Famous Kati Rolls,4.3,100,Rolls
525,https://www.zomato.com/bangalore/simpli-namdharis-1-brigade-road-bangalore/order,Simpli Namdhari's,3.2,100,"Asian, Fast Food, Chinese, North Indian, Beverages, Salad"
526,https://www.zomato.com/bangalore/fabelle-chocolates-itc-gardenia-richmond-road-bangalore/order,Fabelle Chocolates - ITC Gardenia,4.5,100,"Bakery, Desserts, Beverages, Ice Cream, Mithai, Juices, Bengali"
527,https://www.zomato.com/bangalore/step-right-up-vasanth-nagar/order,Step Right Up,3.5,100,"Street Food, Fast Food, Chinese, Beverages, Burger, Pizza, Pasta, Sandwich"
528,https://www.zomato.com/bangalore/shree-chats-point-bangarpete-pani-puri-indiranagar-bangalore/order,Shree Chats Point Bangarpete Pani Puri,3.9,100,Street Food
529,https://www.zomato.com/bangalore/happy-platter-rajajinagar-bangalore/order,Happy Platter,4,100,"Chinese, North Indian, Rolls, Fast Food"
530,https://www.zomato.com/bangalore/wat-a-burger-india-ka-burger-koramangala-5th-block-bangalore/order,Wat-a-Burger! - India ka Burger,3.8,100,"Burger, Shake"
531,https://www.zomato.com/bangalore/asha-melange-rajajinagar-bangalore/order,Asha Melange,4.1,100,"Fast Food, Pizza, Sandwich, Beverages"
532,https://www.zomato.com/bangalore/uncle-peters-pancakes-indiranagar-bangalore/order,Uncle Peter's Pancakes,4,100,"American, French, Desserts, Fast Food, Beverages"
533,https://www.zomato.com/bangalore/the-lassi-corner-sadashiv-nagar-bangalore/order,The Lassi Corner,3.4,100,"Fast Food, Street Food, Sandwich, Juices, Ice Cream, Beverages, Desserts, Shake"
534,https://www.zomato.com/bangalore/sai-cafe-veg-malleshwaram-bangalore/order,Sai Cafe Veg,3.9,100,"Street Food, South Indian, Chinese, Beverages, Sichuan"
535,https://www.zomato.com/bangalore/asha-food-camp-malleshwaram/order,Asha Food Camp,4.2,100,"South Indian, Chinese, North Indian, Fast Food, Beverages, Ice Cream, Desserts"
536,https://www.zomato.com/bangalore/uttara-karnataka-jolada-rotti-mattu-chapati-angadi-basavanagudi-bangalore/order,Uttara Karnataka Jolada Rotti Mattu Chapati Angadi,4.2,100,"South Indian, Mithai"
537,https://www.zomato.com/bangalore/sabari-juice-junction-jeevan-bhima-nagar/order,Sabari Juice Junction,4,100,"Beverages, Sandwich, Juices, Shake"
538,https://www.zomato.com/bangalore/odia-khaiba-airport-road-bangalore/order,Odia Khaiba,3.7,100,"Odia, North Indian, Chinese, Seafood, Sichuan"
539,https://www.zomato.com/bangalore/sankys-burger-house-hennur/order,Sanky's Burger House,4.2,100,"Sandwich, Burger, Fast Food, Shake, Beverages"
540,https://www.zomato.com/bangalore/sahukar-biryani-biryani-royal-koramangala-1st-block-bangalore/order,Sahukar Biryani - Biryani Royal,4,250,Biryani
541,https://www.zomato.com/bangalore/the-jabzz-kitchen-hbr-layout-bangalore/order,The Jabzz Kitchen,3.7,250,"Chinese, Sichuan"
542,https://www.zomato.com/bangalore/the-fritter-company-btm-bangalore/order,The Fritter Company,4.2,250,"Burger, Fast Food, Street Food, Beverages"
543,https://www.zomato.com/bangalore/lazeez-koramangala-5th-block/order,Lazeez,4,250,"North Indian, Mughlai, Biryani, Kebab, Rolls"
544,https://www.zomato.com/bangalore/the-lassi-park-jayanagar-bangalore/order,The Lassi Park,4.4,250,"Beverages, Ice Cream, Desserts"
545,https://www.zomato.com/bangalore/nandi-chats-btm/order,Nandi Chats,4.1,250,Street Food
546,https://www.zomato.com/bangalore/cake-pastries-rajajinagar-bangalore/order,Cake Pastries,4.1,250,Bakery
547,https://www.zomato.com/bangalore/bonomi-commercial-street-bangalore/order,Bonomi,-,250,Beverages
548,https://www.zomato.com/bangalore/fiero-pizzeria-koramangala-6th-block-bangalore/order,Fiero! Pizzeria,3.9,250,"Pizza, Fast Food"
549,https://www.zomato.com/bangalore/punjab-grill-brigade-road-bangalore/order,Punjab Grill,New,250,"North Indian, Mughlai, Kebab, Biryani, Desserts, Beverages"
550,https://www.zomato.com/bangalore/uttara-karnataka-rotti-mane-basaveshwara-nagar/order,Uttara Karnataka Rotti Mane,3.8,250,South Indian
551,https://www.zomato.com/bangalore/aadvik-ka-kitchen-2-rt-nagar-bangalore/order,Aadvik Ka Kitchen,4,250,"North Indian, Chinese, South Indian, Street Food, Beverages, Sichuan"
552,https://www.zomato.com/bangalore/o4h-order-for-health-btm-bangalore/order,O4H - Order For Health,4.4,200,"Healthy Food, Salad, Beverages"
553,https://www.zomato.com/bangalore/kolkata-famous-kati-rolls-rt-nagar-bangalore/order,Kolkata Famous Kati Rolls,4,200,Rolls
554,https://www.zomato.com/bangalore/shahi-family-restaurant-ulsoor-bangalore/order,Shahi Family Restaurant,3.6,200,"North Indian, Chinese, South Indian, Biryani"
555,https://www.zomato.com/bangalore/beegara-mane-baaduta-vijay-nagar-bangalore/order,Beegara Mane Baaduta,3.7,200,"South Indian, Chinese, Mughlai, Street Food"
556,https://www.zomato.com/bangalore/awesome-foods-btm-bangalore/order,Awesome Foods,3.9,200,"Biryani, North Indian"
557,https://www.zomato.com/bangalore/zak-foods-kammanahalli-bangalore/order,Zak Foods,3.6,200,"Fast Food, Street Food, Pizza, Pasta, Burger, Sandwich, Momos"
558,https://www.zomato.com/bangalore/new-rajanna-military-hotel-rajajinagar-bangalore/order,New Rajanna Military Hotel,3.9,200,"Biryani, South Indian"
559,https://www.zomato.com/bangalore/restaurant-1179-seshadripuram-bangalore/order,Restaurant 1179,4.1,200,"North Indian, South Indian, Chinese, Continental, Italian, Street Food, Desserts, Beverages"
560,https://www.zomato.com/bangalore/halal-pizza-1-rt-nagar-bangalore/order,Halal Pizza,4,200,"Pizza, Fast Food"
561,https://www.zomato.com/bangalore/gandhinagar-donne-biriyani-1-majestic-bangalore/order,Gandhinagar Donne Biriyani,4.1,200,"Biryani, North Indian"
562,https://www.zomato.com/bangalore/srinidhi-sagar-deluxe-domlur/order,Srinidhi Sagar Deluxe,3.9,200,"South Indian, North Indian, Chinese, Street Food, Shake, Sichuan"
563,https://www.zomato.com/bangalore/sendhoor-coffee-indiranagar-bangalore/order,Sendhoor Coffee,3.8,200,"South Indian, Beverages"
564,https://www.zomato.com/bangalore/pai-vihar-city-market/order,Pai Vihar,4.2,100,"South Indian, Street Food, Chinese, North Indian, Biryani, Fast Food, Desserts, Beverages"
565,https://www.zomato.com/bangalore/green-chilly-rajajinagar-bangalore/order,Green Chilly,4.2,100,"North Indian, Chinese, Beverages, Shake"
566,https://www.zomato.com/bangalore/sri-durga-chats-ice-cream-parlor-vijay-nagar-bangalore/order,Sri Durga Chats & Ice Cream Parlor,4,100,"Fast Food, Street Food, Desserts"
567,https://www.zomato.com/bangalore/hot-momos-darjeeling-style-koramangala-5th-block-bangalore/order,Hot Momos Darjeeling Style,4.2,100,"Chinese, Momos, Sichuan"
568,https://www.zomato.com/bangalore/adithya-jp-nagar/order,Adithya,3.9,100,"South Indian, North Indian, Chinese, Street Food, Beverages, Ice Cream"
569,https://www.zomato.com/bangalore/sagar-fast-food-koramangala-8th-block/order,Sagar Fast Food,4.1,100,"South Indian, North Indian, Street Food, Chinese, Beverages, Shake"
570,https://www.zomato.com/bangalore/vaigai-vilas-btm-bangalore/order,Vaigai Vilas,3.4,100,"Fast Food, Street Food, Chinese, South Indian, Biryani, Beverages"
571,https://www.zomato.com/bangalore/madurai-parotta-house-btm-bangalore/order,Madurai Parotta House,3.3,100,"North Indian, South Indian, Chinese"
572,https://www.zomato.com/bangalore/chungs-chinese-corner-cunningham-road/order,Chung's Chinese Corner,4,100,"Chinese, Asian, Seafood, Thai, Sichuan"
573,https://www.zomato.com/bangalore/karnataka-state-co-operative-fisheries-federation-mysore-jayanagar-bangalore/order,Karnataka State Co-Operative Fisheries Federation Mysore,4.1,100,Seafood
574,https://www.zomato.com/bangalore/1522-the-pub-residency-road-bangalore/order,1522 - The Pub,4.3,100,"Chinese, North Indian, Continental, Finger Food, Seafood, Beverages"
575,https://www.zomato.com/bangalore/limelight-royal-orchid-hotel-airport-road-bangalore/order,Limelight - Royal Orchid Hotel,3.7,100,"Asian, Continental, North Indian, South Indian, Healthy Food, Beverages, Desserts"
576,https://www.zomato.com/bangalore/dilawar-hennur-bangalore/order,Dilawar,4.2,200,"Lebanese, North Indian, Mughlai, Rolls, Kebab"
577,https://www.zomato.com/bangalore/hao-chi-hbr-layout-bangalore/order,Hao Chi,3.8,200,"Vietnamese, Chinese, Sichuan"
578,https://www.zomato.com/bangalore/protein-chef-indiranagar-bangalore/order,Protein Chef,4,200,"Sandwich, Rolls, North Indian"
579,https://www.zomato.com/bangalore/ashirvaad-grand-btm/order,Ashirvaad Grand,4,200,"South Indian, Beverages"
580,https://www.zomato.com/bangalore/snacks-corner-jeevan-bhima-nagar-bangalore/order,Snacks Corner,3.8,200,"Chinese, North Indian, Rolls, Momos, Fast Food, Sichuan"
581,https://www.zomato.com/bangalore/sri-udupi-sagar-btm-bangalore/order,Sri Udupi Sagar,4.2,200,"South Indian, Chinese"
582,https://www.zomato.com/bangalore/wheat-barn-koramangala-6th-block-bangalore/order,Wheat Barn,4.1,200,"Pizza, Street Food, Fast Food"
583,https://www.zomato.com/bangalore/jcb-just-chole-bhature-jayanagar-bangalore/order,JCB - Just Chole Bhature,3.8,200,"North Indian, Street Food, Sichuan"
584,https://www.zomato.com/bangalore/elixir-luxury-pearls-drink-koramangala-7th-block-bangalore/order,Elixir - Luxury Pearls Drink,4.3,200,"Beverages, Bubble Tea, Ice Cream"
585,https://www.zomato.com/bangalore/have-more-1-new-bel-road/order,Have More,3.7,200,"North Indian, Chinese, Beverages, Desserts"
586,https://www.zomato.com/bangalore/indian-chicken-biriyani-point-vijay-nagar-bangalore/order,Indian Chicken Biriyani Point,4.2,200,"Biryani, South Indian"
587,https://www.zomato.com/bangalore/craving-o-clock-btm-bangalore/order,Craving O Clock,4.3,200,"Burger, Sandwich, Wraps, Street Food, Fast Food, Shake"
588,https://www.zomato.com/bangalore/asia-kitchen-by-mainland-china-koramangala-7th-block-bangalore/order,Asia Kitchen By Mainland China,4,450,"Chinese, Momos, Thai, Asian, Seafood, Sushi, Beverages"
589,https://www.zomato.com/bangalore/wack-waffles-brownies-koramangala-5th-block-bangalore/order,Wack Waffles & Brownies,3.8,450,"Waffle, Desserts, Beverages"
590,https://www.zomato.com/bangalore/namaste-vijay-nagar-bangalore/order,Namaste,4,450,"Street Food, South Indian"
591,https://www.zomato.com/bangalore/cookie-man-brigade-road/order,Cookie Man,4.5,450,Bakery
592,https://www.zomato.com/bangalore/sri-maruthi-gowdas-military-hotel-majestic-bangalore/order,Sri Maruthi Gowda's Military Hotel,4.3,450,South Indian
593,https://www.zomato.com/bangalore/juice-junction-1-basavanagudi-bangalore/order,Juice Junction,4.3,450,"Beverages, Juices, Fast Food, Shake"
594,https://www.zomato.com/bangalore/suryawanshi-indiranagar/order,Suryawanshi,3.7,450,"Maharashtrian, Seafood, Beverages, Desserts"
595,https://www.zomato.com/bangalore/davanagere-benne-dose-manne-basavanagudi-bangalore/order,Davanagere Benne Dose Manne,4.1,450,South Indian
596,https://www.zomato.com/bangalore/fresh-bites-indiranagar-bangalore/order,Fresh Bites,3.7,450,"North Indian, Chinese, Desserts"
597,https://www.zomato.com/bangalore/sreeraj-lassi-bar-hbr-layout-bangalore/order,Sreeraj Lassi Bar,4.3,450,"Juices, Beverages"
598,https://www.zomato.com/bangalore/jodhpur-sweets-jayanagar-bangalore/order,Jodhpur Sweets,4.3,450,"Mithai, Street Food"
599,https://www.zomato.com/bangalore/pvr-café-koramangala-7th-block-bangalore/order,PVR Café,3.4,450,"Fast Food, Momos, Beverages"
600,https://www.zomato.com/bangalore/gobblers-rolls-bowls-koramangala-7th-block-bangalore/order,Gobblers Rolls & Bowls,4,200,"Rolls, Momos, Beverages, Shake, Sandwich"
601,https://www.zomato.com/bangalore/the-chocolate-heaven-kammanahalli-bangalore/order,The Chocolate Heaven,3.4,200,"Fast Food, Italian, Desserts, Beverages, Bakery, Pancake, Pizza, Sandwich"
602,https://www.zomato.com/bangalore/oh-calcutta-koramangala-7th-block-bangalore/order,Oh! Calcutta,4.3,200,"Bengali, Seafood, North Indian, Biryani"
603,https://www.zomato.com/bangalore/taiki-jayanagar-bangalore/order,Taiki,4.1,200,"Japanese, Korean, Asian, Sushi, Beverages"
604,https://www.zomato.com/bangalore/basaveshwar-khanavali-domlur-bangalore/order,Basaveshwar Khanavali,4.1,200,South Indian
605,https://www.zomato.com/bangalore/plan-b-brigade-road/order,Plan B,4.3,200,"American, Continental, Bar Food, Chinese, Fast Food, Pizza, Burger, Beverages"
606,https://www.zomato.com/bangalore/tandoori-knight-banashankari/order,Tandoori Knight,4,200,"North Indian, Chinese"
607,https://www.zomato.com/bangalore/amul-icecream-parlour-rajajinagar-bangalore/order,Amul Icecream Parlour,4.1,200,"Desserts, Ice Cream"
608,https://www.zomato.com/bangalore/cherish-pizzaria-vijay-nagar-bangalore/order,Cherish Pizzaria,New,200,"Pizza, Burger, Fast Food, Street Food"
609,https://www.zomato.com/bangalore/gowdas-nati-cafe-1-btm-bangalore/order,Gowda's Nati Cafe,3.6,200,"Biryani, South Indian, Chinese"
610,https://www.zomato.com/bangalore/burger-man-1-btm-bangalore/order,Burger Man,3.2,200,"Burger, Pizza, Sandwich, Rolls, Fast Food, Street Food, Beverages, Shake"
611,https://www.zomato.com/bangalore/food-adda-basavanagudi-bangalore/order,Food Adda,3.8,200,"Fast Food, Sandwich, Pizza, Burger, Beverages"
612,https://www.zomato.com/bangalore/edesia-richmond-road-bangalore/order,Edesia,4.3,150,"Bakery, Desserts"
613,https://www.zomato.com/bangalore/new-york-waffles-dinges-koramangala-5th-block-bangalore/order,New York Waffles & Dinges,3.5,150,"Waffle, Bakery, Ice Cream, Desserts, Beverages"
614,https://www.zomato.com/bangalore/little-italy-indiranagar/order,Little Italy,3.6,150,"Italian, Shake, Beverages, Desserts"
615,https://www.zomato.com/bangalore/calcutta-famous-chats-indiranagar-bangalore/order,Calcutta Famous Chats,4.1,150,"Street Food, North Indian"
616,https://www.zomato.com/bangalore/grill-daddy-koramangala-1st-block-bangalore/order,Grill Daddy,4.1,150,"Continental, Italian, Asian, Steak, Sandwich, Burger, Beverages, Desserts"
617,https://www.zomato.com/bangalore/golicious-mumbai-vada-pav-rt-nagar-bangalore/order,Golicious Mumbai Vada Pav,4.1,150,"Fast Food, Sandwich, Burger, Momos, Ice Cream"
618,https://www.zomato.com/bangalore/yaks-kitchen-shanti-nagar-bangalore/order,Yak's Kitchen,4.2,150,"Tibetan, Sushi, Chinese, Beverages"
619,https://www.zomato.com/bangalore/karnataka-chicken-biryani-point-basaveshwara-nagar-bangalore/order,Karnataka Chicken Biryani Point,3.4,150,"Biryani, Kebab, Chinese, South Indian, Sichuan"
620,https://www.zomato.com/bangalore/holy-smoke-btm-bangalore/order,Holy Smoke,3.9,150,"North Indian, Mughlai, Chinese, Shawarma, Biryani, Beverages"
621,https://www.zomato.com/bangalore/sri-brahmi-ruchi-2-vijay-nagar-bangalore/order,Sri Brahmi Ruchi,3.8,150,"South Indian, Chinese, North Indian, Fast Food, Beverages, Juices"
622,https://www.zomato.com/bangalore/big-wong-indiranagar-bangalore/order,Big Wong,4.1,150,"Asian, Sushi, Chinese, Thai, Sichuan"
623,https://www.zomato.com/bangalore/khaomomo-domlur-bangalore/order,Khaomomo,4.3,150,"Momos, Chinese, Tibetan"
624,https://www.zomato.com/bangalore/sri-maruthi-miltry-hotel-rajajinagar/order,Sri Maruthi Miltry Hotel,3.7,200,"South Indian, Biryani, Chinese"
625,https://www.zomato.com/bangalore/the-betel-leaf-co-originally-from-bangalore-seshadripuram-bangalore/order,The Betel Leaf Co - Originally from Bangalore,4.4,200,"Paan, Desserts"
626,https://www.zomato.com/bangalore/oottupura-btm-bangalore/order,OOttupura,4.2,200,"Kerala, South Indian"
627,https://www.zomato.com/bangalore/rajvardhan-foods-jayanagar/order,Rajvardhan Foods,4.1,200,"Street Food, Maharashtrian"
628,https://www.zomato.com/bangalore/uru-brewpark-jp-nagar-bangalore/order,Uru Brewpark,3.8,200,"Italian, North Indian, Continental, Asian, Desserts, Beverages"
629,https://www.zomato.com/bangalore/uttara-karnatakada-prasidda-jolada-roti-mattu-chapathi-angadi-banashankari-bangalore/order,Uttara Karnatakada Prasidda Jolada Roti Mattu Chapathi Angadi,3.9,200,"South Indian, Street Food, Mithai"
630,https://www.zomato.com/bangalore/kwality-walls-frozen-dessert-and-ice-cream-shop-2-jayanagar-bangalore/order,Kwality Walls Frozen Dessert And Ice Cream Shop,4,200,"Ice Cream, Desserts"
631,https://www.zomato.com/bangalore/cheesecakes-by-cakezone-koramangala-6th-block-bangalore/order,Cheesecakes By CakeZone,-,200,"Bakery, Desserts, Beverages, Ice Cream, Juices, Bengali, Mithai"
632,https://www.zomato.com/bangalore/sandwichwallas-vijay-nagar-bangalore/order,Sandwichwallas,3.5,200,"Sandwich, Fast Food, Street Food, Beverages, Desserts, Shake"
633,https://www.zomato.com/bangalore/happy-belly-bakes-mg-road/order,Happy Belly Bakes,4.5,200,"Bakery, Desserts, Cafe, Beverages"
634,https://www.zomato.com/bangalore/hrx-by-eatfit-cunningham-road-bangalore/order,HRX by EatFit,3.8,200,"Healthy Food, Beverages, Mediterranean, Burger, Desserts, Wraps, Pizza, Salad"
635,https://www.zomato.com/bangalore/kouzina-kafe-the-food-court-vasanth-nagar-bangalore/order,Kouzina Kafe - The Food Court,2.6,200,"Fast Food, Bakery, Desserts"
